Time,Position X,Position Y,Velocity X,Velocity Y
0,0.001,0,1,-0.0098
0.001,0.002,-9.8e-06,1,-0.0196
0.002,0.003,-2.94e-05,1,-0.0294
0.003,0.004,-5.88e-05,1,-0.0392
0.004,0.005,-9.8e-05,1,-0.049
0.005,0.006,-0.000147,1,-0.0588
0.006,0.007,-0.0002058,1,-0.0686
0.007,0.008,-0.0002744,1,-0.0784
0.008,0.009,-0.0003528,1,-0.0882
0.009,0.01,-0.000441,1,-0.098
0.01,0.011,-0.000539,1,-0.1078
0.011,0.012,-0.0006468,1,-0.1176
0.012,0.013,-0.0007644,1,-0.1274
0.013,0.014,-0.0008918,1,-0.1372
0.014,0.015,-0.001029,1,-0.147
0.015,0.016,-0.001176,1,-0.1568
0.016,0.017,-0.0013328,1,-0.1666
0.017,0.018,-0.0014994,1,-0.1764
0.018,0.019,-0.0016758,1,-0.1862
0.019,0.02,-0.001862,1,-0.196
0.02,0.021,-0.002058,1,-0.2058
0.021,0.022,-0.0022638,1,-0.2156
0.022,0.023,-0.0024794,1,-0.2254
0.023,0.024,-0.0027048,1,-0.2352
0.024,0.025,-0.00294,1,-0.245
0.025,0.026,-0.003185,1,-0.2548
0.026,0.027,-0.0034398,1,-0.2646
0.027,0.028,-0.0037044,1,-0.2744
0.028,0.029,-0.0039788,1,-0.2842
0.029,0.03,-0.004263,1,-0.294
0.03,0.031,-0.004557,1,-0.3038
0.031,0.032,-0.0048608,1,-0.3136
0.032,0.033,-0.0051744,1,-0.3234
0.033,0.034,-0.0054978,1,-0.3332
0.034,0.035,-0.005831,1,-0.343
0.035,0.036,-0.006174,1,-0.3528
0.036,0.037,-0.0065268,1,-0.3626
0.037,0.038,-0.0068894,1,-0.3724
0.038,0.039,-0.0072618,1,-0.3822
0.039,0.04,-0.007644,1,-0.392
0.04,0.041,-0.008036,1,-0.4018
0.041,0.042,-0.0084378,1,-0.4116
0.042,0.043,-0.0088494,1,-0.4214
0.043,0.044,-0.0092708,1,-0.4312
0.044,0.045,-0.009702,1,-0.441
0.045,0.046,-0.010143,1,-0.4508
0.046,0.047,-0.0105938,1,-0.4606
0.047,0.048,-0.0110544,1,-0.4704
0.048,0.049,-0.0115248,1,-0.4802
0.049,0.05,-0.012005,1,-0.49
0.05,0.051,-0.012495,1,-0.4998
0.051,0.052,-0.0129948,1,-0.5096
0.052,0.053,-0.0135044,1,-0.5194
0.053,0.054,-0.0140238,1,-0.5292
0.054,0.055,-0.014553,1,-0.539
0.055,0.056,-0.015092,1,-0.5488
0.056,0.057,-0.0156408,1,-0.5586
0.057,0.058,-0.0161994,1,-0.5684
0.058,0.059,-0.0167678,1,-0.5782
0.059,0.06,-0.017346,1,-0.588
0.06,0.061,-0.017934,1,-0.5978
0.061,0.062,-0.0185318,1,-0.6076
0.062,0.063,-0.0191394,1,-0.6174
0.063,0.064,-0.0197568,1,-0.6272
0.064,0.065,-0.020384,1,-0.637
0.065,0.066,-0.021021,1,-0.6468
0.066,0.067,-0.0216678,1,-0.6566
0.067,0.068,-0.0223244,1,-0.6664
0.068,0.069,-0.0229908,1,-0.6762
0.069,0.07,-0.023667,1,-0.686
0.07,0.071,-0.024353,1,-0.6958
0.071,0.072,-0.0250488,1,-0.7056
0.072,0.073,-0.0257544,1,-0.7154
0.073,0.074,-0.0264698,1,-0.7252
0.074,0.075,-0.027195,1,-0.735
0.075,0.076,-0.02793,1,-0.7448
0.076,0.077,-0.0286748,1,-0.7546
0.077,0.078,-0.0294294,1,-0.7644
0.078,0.079,-0.0301938,1,-0.7742
0.079,0.08,-0.030968,1,-0.784
0.08,0.081,-0.031752,1,-0.7938
0.081,0.082,-0.0325458,1,-0.8036
0.082,0.083,-0.0333494,1,-0.8134
0.083,0.084,-0.0341628,1,-0.8232
0.084,0.085,-0.034986,1,-0.833
0.085,0.086,-0.035819,1,-0.8428
0.086,0.087,-0.0366618,1,-0.8526
0.087,0.088,-0.0375144,1,-0.8624
0.088,0.089,-0.0383768,1,-0.8722
0.089,0.09,-0.039249,1,-0.882
0.09,0.091,-0.040131,1,-0.8918
0.091,0.092,-0.0410228,1,-0.9016
0.092,0.093,-0.0419244,1,-0.9114
0.093,0.094,-0.0428358,1,-0.9212
0.094,0.095,-0.043757,1,-0.931
0.095,0.096,-0.044688,1,-0.9408
0.096,0.097,-0.0456288,1,-0.9506
0.097,0.098,-0.0465794,1,-0.9604
0.098,0.099,-0.0475398,1,-0.9702
0.099,0.1,-0.04851,1,-0.98
0.1,0.101,-0.04949,1,-0.9898
0.101,0.102,-0.0504798,1,-0.9996
0.102,0.103,-0.0514794,1,-1.0094
0.103,0.104,-0.0524888,1,-1.0192
0.104,0.105,-0.053508,1,-1.029
0.105,0.106,-0.054537,1,-1.0388
0.106,0.107,-0.0555758,1,-1.0486
0.107,0.108,-0.0566244,1,-1.0584
0.108,0.109,-0.0576828,1,-1.0682
0.109,0.11,-0.058751,1,-1.078
0.11,0.111,-0.059829,1,-1.0878
0.111,0.112,-0.0609168,1,-1.0976
0.112,0.113,-0.0620144,1,-1.1074
0.113,0.114,-0.0631218,1,-1.1172
0.114,0.115,-0.064239,1,-1.127
0.115,0.116,-0.065366,1,-1.1368
0.116,0.117,-0.0665028,1,-1.1466
0.117,0.118,-0.0676494,1,-1.1564
0.118,0.119,-0.0688058,1,-1.1662
0.119,0.12,-0.069972,1,-1.176
0.12,0.121,-0.071148,1,-1.1858
0.121,0.122,-0.0723338,1,-1.1956
0.122,0.123,-0.0735294,1,-1.2054
0.123,0.124,-0.0747348,1,-1.2152
0.124,0.125,-0.07595,1,-1.225
0.125,0.126,-0.077175,1,-1.2348
0.126,0.127,-0.0784098,1,-1.2446
0.127,0.128,-0.0796544,1,-1.2544
0.128,0.129,-0.0809088,1,-1.2642
0.129,0.13,-0.082173,1,-1.274
0.13,0.131,-0.083447,1,-1.2838
0.131,0.132,-0.0847308,1,-1.2936
0.132,0.133,-0.0860244,1,-1.3034
0.133,0.134,-0.0873278,1,-1.3132
0.134,0.135,-0.088641,1,-1.323
0.135,0.136,-0.089964,1,-1.3328
0.136,0.137,-0.0912968,1,-1.3426
0.137,0.138,-0.0926394,1,-1.3524
0.138,0.139,-0.0939918,1,-1.3622
0.139,0.14,-0.095354,1,-1.372
0.14,0.141,-0.096726,1,-1.3818
0.141,0.142,-0.0981078,1,-1.3916
0.142,0.143,-0.0994994,1,-1.4014
0.143,0.144,-0.100901,1,-1.4112
0.144,0.145,-0.102312,1,-1.421
0.145,0.146,-0.103733,1,-1.4308
0.146,0.147,-0.105164,1,-1.4406
0.147,0.148,-0.106604,1,-1.4504
0.148,0.149,-0.108055,1,-1.4602
0.149,0.15,-0.109515,1,-1.47
0.15,0.151,-0.110985,1,-1.4798
0.151,0.152,-0.112465,1,-1.4896
0.152,0.153,-0.113954,1,-1.4994
0.153,0.154,-0.115454,1,-1.5092
0.154,0.155,-0.116963,1,-1.519
0.155,0.156,-0.118482,1,-1.5288
0.156,0.157,-0.120011,1,-1.5386
0.157,0.158,-0.121549,1,-1.5484
0.158,0.159,-0.123098,1,-1.5582
0.159,0.16,-0.124656,1,-1.568
0.16,0.161,-0.126224,1,-1.5778
0.161,0.162,-0.127802,1,-1.5876
0.162,0.163,-0.129389,1,-1.5974
0.163,0.164,-0.130987,1,-1.6072
0.164,0.165,-0.132594,1,-1.617
0.165,0.166,-0.134211,1,-1.6268
0.166,0.167,-0.135838,1,-1.6366
0.167,0.168,-0.137474,1,-1.6464
0.168,0.169,-0.139121,1,-1.6562
0.169,0.17,-0.140777,1,-1.666
0.17,0.171,-0.142443,1,-1.6758
0.171,0.172,-0.144119,1,-1.6856
0.172,0.173,-0.145804,1,-1.6954
0.173,0.174,-0.1475,1,-1.7052
0.174,0.175,-0.149205,1,-1.715
0.175,0.176,-0.15092,1,-1.7248
0.176,0.177,-0.152645,1,-1.7346
0.177,0.178,-0.154379,1,-1.7444
0.178,0.179,-0.156124,1,-1.7542
0.179,0.18,-0.157878,1,-1.764
0.18,0.181,-0.159642,1,-1.7738
0.181,0.182,-0.161416,1,-1.7836
0.182,0.183,-0.163199,1,-1.7934
0.183,0.184,-0.164993,1,-1.8032
0.184,0.185,-0.166796,1,-1.813
0.185,0.186,-0.168609,1,-1.8228
0.186,0.187,-0.170432,1,-1.8326
0.187,0.188,-0.172264,1,-1.8424
0.188,0.189,-0.174107,1,-1.8522
0.189,0.19,-0.175959,1,-1.862
0.19,0.191,-0.177821,1,-1.8718
0.191,0.192,-0.179693,1,-1.8816
0.192,0.193,-0.181574,1,-1.8914
0.193,0.194,-0.183466,1,-1.9012
0.194,0.195,-0.185367,1,-1.911
0.195,0.196,-0.187278,1,-1.9208
0.196,0.197,-0.189199,1,-1.9306
0.197,0.198,-0.191129,1,-1.9404
0.198,0.199,-0.19307,1,-1.9502
0.199,0.2,-0.19502,1,-1.96
0.2,0.201,-0.19698,1,-1.9698
0.201,0.202,-0.19895,1,-1.9796
0.202,0.203,-0.200929,1,-1.9894
0.203,0.204,-0.202919,1,-1.9992
0.204,0.205,-0.204918,1,-2.009
0.205,0.206,-0.206927,1,-2.0188
0.206,0.207,-0.208946,1,-2.0286
0.207,0.208,-0.210974,1,-2.0384
0.208,0.209,-0.213013,1,-2.0482
0.209,0.21,-0.215061,1,-2.058
0.21,0.211,-0.217119,1,-2.0678
0.211,0.212,-0.219187,1,-2.0776
0.212,0.213,-0.221264,1,-2.0874
0.213,0.214,-0.223352,1,-2.0972
0.214,0.215,-0.225449,1,-2.107
0.215,0.216,-0.227556,1,-2.1168
0.216,0.217,-0.229673,1,-2.1266
0.217,0.218,-0.231799,1,-2.1364
0.218,0.219,-0.233936,1,-2.1462
0.219,0.22,-0.236082,1,-2.156
0.22,0.221,-0.238238,1,-2.1658
0.221,0.222,-0.240404,1,-2.1756
0.222,0.223,-0.242579,1,-2.1854
0.223,0.224,-0.244765,1,-2.1952
0.224,0.225,-0.24696,1,-2.205
0.225,0.226,-0.249165,1,-2.2148
0.226,0.227,-0.25138,1,-2.2246
0.227,0.228,-0.253604,1,-2.2344
0.228,0.229,-0.255839,1,-2.2442
0.229,0.23,-0.258083,1,-2.254
0.23,0.231,-0.260337,1,-2.2638
0.231,0.232,-0.262601,1,-2.2736
0.232,0.233,-0.264874,1,-2.2834
0.233,0.234,-0.267158,1,-2.2932
0.234,0.235,-0.269451,1,-2.303
0.235,0.236,-0.271754,1,-2.3128
0.236,0.237,-0.274067,1,-2.3226
0.237,0.238,-0.276389,1,-2.3324
0.238,0.239,-0.278722,1,-2.3422
0.239,0.24,-0.281064,1,-2.352
0.24,0.241,-0.283416,1,-2.3618
0.241,0.242,-0.285778,1,-2.3716
0.242,0.243,-0.288149,1,-2.3814
0.243,0.244,-0.290531,1,-2.3912
0.244,0.245,-0.292922,1,-2.401
0.245,0.246,-0.295323,1,-2.4108
0.246,0.247,-0.297734,1,-2.4206
0.247,0.248,-0.300154,1,-2.4304
0.248,0.249,-0.302585,1,-2.4402
0.249,0.25,-0.305025,1,-2.45
0.25,0.251,-0.307475,1,-2.4598
0.251,0.252,-0.309935,1,-2.4696
0.252,0.253,-0.312404,1,-2.4794
0.253,0.254,-0.314884,1,-2.4892
0.254,0.255,-0.317373,1,-2.499
0.255,0.256,-0.319872,1,-2.5088
0.256,0.257,-0.322381,1,-2.5186
0.257,0.258,-0.324899,1,-2.5284
0.258,0.259,-0.327428,1,-2.5382
0.259,0.26,-0.329966,1,-2.548
0.26,0.261,-0.332514,1,-2.5578
0.261,0.262,-0.335072,1,-2.5676
0.262,0.263,-0.337639,1,-2.5774
0.263,0.264,-0.340217,1,-2.5872
0.264,0.265,-0.342804,1,-2.597
0.265,0.266,-0.345401,1,-2.6068
0.266,0.267,-0.348008,1,-2.6166
0.267,0.268,-0.350624,1,-2.6264
0.268,0.269,-0.353251,1,-2.6362
0.269,0.27,-0.355887,1,-2.646
0.27,0.271,-0.358533,1,-2.6558
0.271,0.272,-0.361189,1,-2.6656
0.272,0.273,-0.363854,1,-2.6754
0.273,0.274,-0.36653,1,-2.6852
0.274,0.275,-0.369215,1,-2.695
0.275,0.276,-0.37191,1,-2.7048
0.276,0.277,-0.374615,1,-2.7146
0.277,0.278,-0.377329,1,-2.7244
0.278,0.279,-0.380054,1,-2.7342
0.279,0.28,-0.382788,1,-2.744
0.28,0.281,-0.385532,1,-2.7538
0.281,0.282,-0.388286,1,-2.7636
0.282,0.283,-0.391049,1,-2.7734
0.283,0.284,-0.393823,1,-2.7832
0.284,0.285,-0.396606,1,-2.793
0.285,0.286,-0.399399,1,-2.8028
0.286,0.287,-0.402202,1,-2.8126
0.287,0.288,-0.405014,1,-2.8224
0.288,0.289,-0.407837,1,-2.8322
0.289,0.29,-0.410669,1,-2.842
0.29,0.291,-0.413511,1,-2.8518
0.291,0.292,-0.416363,1,-2.8616
0.292,0.293,-0.419224,1,-2.8714
0.293,0.294,-0.422096,1,-2.8812
0.294,0.295,-0.424977,1,-2.891
0.295,0.296,-0.427868,1,-2.9008
0.296,0.297,-0.430769,1,-2.9106
0.297,0.298,-0.433679,1,-2.9204
0.298,0.299,-0.4366,1,-2.9302
0.299,0.3,-0.43953,1,-2.94
0.3,0.301,-0.44247,1,-2.9498
0.301,0.302,-0.44542,1,-2.9596
0.302,0.303,-0.448379,1,-2.9694
0.303,0.304,-0.451349,1,-2.9792
0.304,0.305,-0.454328,1,-2.989
0.305,0.306,-0.457317,1,-2.9988
0.306,0.307,-0.460316,1,-3.0086
0.307,0.308,-0.463324,1,-3.0184
0.308,0.309,-0.466343,1,-3.0282
0.309,0.31,-0.469371,1,-3.038
0.31,0.311,-0.472409,1,-3.0478
0.311,0.312,-0.475457,1,-3.0576
0.312,0.313,-0.478514,1,-3.0674
0.313,0.314,-0.481582,1,-3.0772
0.314,0.315,-0.484659,1,-3.087
0.315,0.316,-0.487746,1,-3.0968
0.316,0.317,-0.490843,1,-3.1066
0.317,0.318,-0.493949,1,-3.1164
0.318,0.319,-0.497066,1,-3.1262
0.319,0.32,-0.500192,1,-3.136
0.32,0.321,-0.503328,1,-3.1458
0.321,0.322,-0.506474,1,-3.1556
0.322,0.323,-0.509629,1,-3.1654
0.323,0.324,-0.512795,1,-3.1752
0.324,0.325,-0.51597,1,-3.185
0.325,0.326,-0.519155,1,-3.1948
0.326,0.327,-0.52235,1,-3.2046
0.327,0.328,-0.525554,1,-3.2144
0.328,0.329,-0.528769,1,-3.2242
0.329,0.33,-0.531993,1,-3.234
0.33,0.331,-0.535227,1,-3.2438
0.331,0.332,-0.538471,1,-3.2536
0.332,0.333,-0.541724,1,-3.2634
0.333,0.334,-0.544988,1,-3.2732
0.334,0.335,-0.548261,1,-3.283
0.335,0.336,-0.551544,1,-3.2928
0.336,0.337,-0.554837,1,-3.3026
0.337,0.338,-0.558139,1,-3.3124
0.338,0.339,-0.561452,1,-3.3222
0.339,0.34,-0.564774,1,-3.332
0.34,0.341,-0.568106,1,-3.3418
0.341,0.342,-0.571448,1,-3.3516
0.342,0.343,-0.574799,1,-3.3614
0.343,0.344,-0.578161,1,-3.3712
0.344,0.345,-0.581532,1,-3.381
0.345,0.346,-0.584913,1,-3.3908
0.346,0.347,-0.588304,1,-3.4006
0.347,0.348,-0.591704,1,-3.4104
0.348,0.349,-0.595115,1,-3.4202
0.349,0.35,-0.598535,1,-3.43
0.35,0.351,-0.601965,1,-3.4398
0.351,0.352,-0.605405,1,-3.4496
0.352,0.353,-0.608854,1,-3.4594
0.353,0.354,-0.612314,1,-3.4692
0.354,0.355,-0.615783,1,-3.479
0.355,0.356,-0.619262,1,-3.4888
0.356,0.357,-0.622751,1,-3.4986
0.357,0.358,-0.626249,1,-3.5084
0.358,0.359,-0.629758,1,-3.5182
0.359,0.36,-0.633276,1,-3.528
0.36,0.361,-0.636804,1,-3.5378
0.361,0.362,-0.640342,1,-3.5476
0.362,0.363,-0.643889,1,-3.5574
0.363,0.364,-0.647447,1,-3.5672
0.364,0.365,-0.651014,1,-3.577
0.365,0.366,-0.654591,1,-3.5868
0.366,0.367,-0.658178,1,-3.5966
0.367,0.368,-0.661774,1,-3.6064
0.368,0.369,-0.665381,1,-3.6162
0.369,0.37,-0.668997,1,-3.626
0.37,0.371,-0.672623,1,-3.6358
0.371,0.372,-0.676259,1,-3.6456
0.372,0.373,-0.679904,1,-3.6554
0.373,0.374,-0.68356,1,-3.6652
0.374,0.375,-0.687225,1,-3.675
0.375,0.376,-0.6909,1,-3.6848
0.376,0.377,-0.694585,1,-3.6946
0.377,0.378,-0.698279,1,-3.7044
0.378,0.379,-0.701984,1,-3.7142
0.379,0.38,-0.705698,1,-3.724
0.38,0.381,-0.709422,1,-3.7338
0.381,0.382,-0.713156,1,-3.7436
0.382,0.383,-0.716899,1,-3.7534
0.383,0.384,-0.720653,1,-3.7632
0.384,0.385,-0.724416,1,-3.773
0.385,0.386,-0.728189,1,-3.7828
0.386,0.387,-0.731972,1,-3.7926
0.387,0.388,-0.735764,1,-3.8024
0.388,0.389,-0.739567,1,-3.8122
0.389,0.39,-0.743379,1,-3.822
0.39,0.391,-0.747201,1,-3.8318
0.391,0.392,-0.751033,1,-3.8416
0.392,0.393,-0.754874,1,-3.8514
0.393,0.394,-0.758726,1,-3.8612
0.394,0.395,-0.762587,1,-3.871
0.395,0.396,-0.766458,1,-3.8808
0.396,0.397,-0.770339,1,-3.8906
0.397,0.398,-0.774229,1,-3.9004
0.398,0.399,-0.77813,1,-3.9102
0.399,0.4,-0.78204,1,-3.92
0.4,0.401,-0.78596,1,-3.9298
0.401,0.402,-0.78989,1,-3.9396
0.402,0.403,-0.793829,1,-3.9494
0.403,0.404,-0.797779,1,-3.9592
0.404,0.405,-0.801738,1,-3.969
0.405,0.406,-0.805707,1,-3.9788
0.406,0.407,-0.809686,1,-3.9886
0.407,0.408,-0.813674,1,-3.9984
0.408,0.409,-0.817673,1,-4.0082
0.409,0.41,-0.821681,1,-4.018
0.41,0.411,-0.825699,1,-4.0278
0.411,0.412,-0.829727,1,-4.0376
0.412,0.413,-0.833764,1,-4.0474
0.413,0.414,-0.837812,1,-4.0572
0.414,0.415,-0.841869,1,-4.067
0.415,0.416,-0.845936,1,-4.0768
0.416,0.417,-0.850013,1,-4.0866
0.417,0.418,-0.854099,1,-4.0964
0.418,0.419,-0.858196,1,-4.1062
0.419,0.42,-0.862302,1,-4.116
0.42,0.421,-0.866418,1,-4.1258
0.421,0.422,-0.870544,1,-4.1356
0.422,0.423,-0.874679,1,-4.1454
0.423,0.424,-0.878825,1,-4.1552
0.424,0.425,-0.88298,1,-4.165
0.425,0.426,-0.887145,1,-4.1748
0.426,0.427,-0.89132,1,-4.1846
0.427,0.428,-0.895504,1,-4.1944
0.428,0.429,-0.899699,1,-4.2042
0.429,0.43,-0.903903,1,-4.214
0.43,0.431,-0.908117,1,-4.2238
0.431,0.432,-0.912341,1,-4.2336
0.432,0.433,-0.916574,1,-4.2434
0.433,0.434,-0.920818,1,-4.2532
0.434,0.435,-0.925071,1,-4.263
0.435,0.436,-0.929334,1,-4.2728
0.436,0.437,-0.933607,1,-4.2826
0.437,0.438,-0.937889,1,-4.2924
0.438,0.439,-0.942182,1,-4.3022
0.439,0.44,-0.946484,1,-4.312
0.44,0.441,-0.950796,1,-4.3218
0.441,0.442,-0.955118,1,-4.3316
0.442,0.443,-0.959449,1,-4.3414
0.443,0.444,-0.963791,1,-4.3512
0.444,0.445,-0.968142,1,-4.361
0.445,0.446,-0.972503,1,-4.3708
0.446,0.447,-0.976874,1,-4.3806
0.447,0.448,-0.981254,1,-4.3904
0.448,0.449,-0.985645,1,-4.4002
0.449,0.45,-0.990045,1,-4.41
0.45,0.451,-0.994455,1,-4.4198
0.451,0.452,-0.998875,1,-4.4296
0.452,0.453,-1.0033,1,-4.4394
0.453,0.454,-1.00774,1,-4.4492
0.454,0.455,-1.01219,1,-4.459
0.455,0.456,-1.01665,1,-4.4688
0.456,0.457,-1.02112,1,-4.4786
0.457,0.458,-1.0256,1,-4.4884
0.458,0.459,-1.03009,1,-4.4982
0.459,0.46,-1.03459,1,-4.508
0.46,0.461,-1.03909,1,-4.5178
0.461,0.462,-1.04361,1,-4.5276
0.462,0.463,-1.04814,1,-4.5374
0.463,0.464,-1.05268,1,-4.5472
0.464,0.465,-1.05722,1,-4.557
0.465,0.466,-1.06178,1,-4.5668
0.466,0.467,-1.06635,1,-4.5766
0.467,0.468,-1.07092,1,-4.5864
0.468,0.469,-1.07551,1,-4.5962
0.469,0.47,-1.08011,1,-4.606
0.47,0.471,-1.08471,1,-4.6158
0.471,0.472,-1.08933,1,-4.6256
0.472,0.473,-1.09395,1,-4.6354
0.473,0.474,-1.09859,1,-4.6452
0.474,0.475,-1.10323,1,-4.655
0.475,0.476,-1.10789,1,-4.6648
0.476,0.477,-1.11255,1,-4.6746
0.477,0.478,-1.11723,1,-4.6844
0.478,0.479,-1.12191,1,-4.6942
0.479,0.48,-1.12661,1,-4.704
0.48,0.481,-1.13131,1,-4.7138
0.481,0.482,-1.13603,1,-4.7236
0.482,0.483,-1.14075,1,-4.7334
0.483,0.484,-1.14548,1,-4.7432
0.484,0.485,-1.15023,1,-4.753
0.485,0.486,-1.15498,1,-4.7628
0.486,0.487,-1.15974,1,-4.7726
0.487,0.488,-1.16451,1,-4.7824
0.488,0.489,-1.1693,1,-4.7922
0.489,0.49,-1.17409,1,-4.802
0.49,0.491,-1.17889,1,-4.8118
0.491,0.492,-1.1837,1,-4.8216
0.492,0.493,-1.18852,1,-4.8314
0.493,0.494,-1.19336,1,-4.8412
0.494,0.495,-1.1982,1,-4.851
0.495,0.496,-1.20305,1,-4.8608
0.496,0.497,-1.20791,1,-4.8706
0.497,0.498,-1.21278,1,-4.8804
0.498,0.499,-1.21766,1,-4.8902
0.499,0.5,-1.22255,1,-4.9
0.5,0.501,-1.22745,1,-4.9098
0.501,0.502,-1.23236,1,-4.9196
0.502,0.503,-1.23728,1,-4.9294
0.503,0.504,-1.24221,1,-4.9392
0.504,0.505,-1.24715,1,-4.949
0.505,0.506,-1.2521,1,-4.9588
0.506,0.507,-1.25706,1,-4.9686
0.507,0.508,-1.26202,1,-4.9784
0.508,0.509,-1.267,1,-4.9882
0.509,0.51,-1.27199,1,-4.998
0.51,0.511,-1.27699,1,-5.0078
0.511,0.512,-1.282,1,-5.0176
0.512,0.513,-1.28701,1,-5.0274
0.513,0.514,-1.29204,1,-5.0372
0.514,0.515,-1.29708,1,-5.047
0.515,0.516,-1.30213,1,-5.0568
0.516,0.517,-1.30718,1,-5.0666
0.517,0.518,-1.31225,1,-5.0764
0.518,0.519,-1.31733,1,-5.0862
0.519,0.52,-1.32241,1,-5.096
0.52,0.521,-1.32751,1,-5.1058
0.521,0.522,-1.33261,1,-5.1156
0.522,0.523,-1.33773,1,-5.1254
0.523,0.524,-1.34285,1,-5.1352
0.524,0.525,-1.34799,1,-5.145
0.525,0.526,-1.35313,1,-5.1548
0.526,0.527,-1.35829,1,-5.1646
0.527,0.528,-1.36345,1,-5.1744
0.528,0.529,-1.36863,1,-5.1842
0.529,0.53,-1.37381,1,-5.194
0.53,0.531,-1.37901,1,-5.2038
0.531,0.532,-1.38421,1,-5.2136
0.532,0.533,-1.38942,1,-5.2234
0.533,0.534,-1.39465,1,-5.2332
0.534,0.535,-1.39988,1,-5.243
0.535,0.536,-1.40512,1,-5.2528
0.536,0.537,-1.41038,1,-5.2626
0.537,0.538,-1.41564,1,-5.2724
0.538,0.539,-1.42091,1,-5.2822
0.539,0.54,-1.42619,1,-5.292
0.54,0.541,-1.43149,1,-5.3018
0.541,0.542,-1.43679,1,-5.3116
0.542,0.543,-1.4421,1,-5.3214
0.543,0.544,-1.44742,1,-5.3312
0.544,0.545,-1.45275,1,-5.341
0.545,0.546,-1.45809,1,-5.3508
0.546,0.547,-1.46344,1,-5.3606
0.547,0.548,-1.4688,1,-5.3704
0.548,0.549,-1.47417,1,-5.3802
0.549,0.55,-1.47955,1,-5.39
0.55,0.551,-1.48494,1,-5.3998
0.551,0.552,-1.49034,1,-5.4096
0.552,0.553,-1.49575,1,-5.4194
0.553,0.554,-1.50117,1,-5.4292
0.554,0.555,-1.5066,1,-5.439
0.555,0.556,-1.51204,1,-5.4488
0.556,0.557,-1.51749,1,-5.4586
0.557,0.558,-1.52295,1,-5.4684
0.558,0.559,-1.52842,1,-5.4782
0.559,0.56,-1.5339,1,-5.488
0.56,0.561,-1.53938,1,-5.4978
0.561,0.562,-1.54488,1,-5.5076
0.562,0.563,-1.55039,1,-5.5174
0.563,0.564,-1.55591,1,-5.5272
0.564,0.565,-1.56143,1,-5.537
0.565,0.566,-1.56697,1,-5.5468
0.566,0.567,-1.57252,1,-5.5566
0.567,0.568,-1.57807,1,-5.5664
0.568,0.569,-1.58364,1,-5.5762
0.569,0.57,-1.58922,1,-5.586
0.57,0.571,-1.5948,1,-5.5958
0.571,0.572,-1.6004,1,-5.6056
0.572,0.573,-1.606,1,-5.6154
0.573,0.574,-1.61162,1,-5.6252
0.574,0.575,-1.61724,1,-5.635
0.575,0.576,-1.62288,1,-5.6448
0.576,0.577,-1.62852,1,-5.6546
0.577,0.578,-1.63418,1,-5.6644
0.578,0.579,-1.63984,1,-5.6742
0.579,0.58,-1.64552,1,-5.684
0.58,0.581,-1.6512,1,-5.6938
0.581,0.582,-1.6569,1,-5.7036
0.582,0.583,-1.6626,1,-5.7134
0.583,0.584,-1.66831,1,-5.7232
0.584,0.585,-1.67404,1,-5.733
0.585,0.586,-1.67977,1,-5.7428
0.586,0.587,-1.68551,1,-5.7526
0.587,0.588,-1.69126,1,-5.7624
0.588,0.589,-1.69703,1,-5.7722
0.589,0.59,-1.7028,1,-5.782
0.59,0.591,-1.70858,1,-5.7918
0.591,0.592,-1.71437,1,-5.8016
0.592,0.593,-1.72017,1,-5.8114
0.593,0.594,-1.72599,1,-5.8212
0.594,0.595,-1.73181,1,-5.831
0.595,0.596,-1.73764,1,-5.8408
0.596,0.597,-1.74348,1,-5.8506
0.597,0.598,-1.74933,1,-5.8604
0.598,0.599,-1.75519,1,-5.8702
0.599,0.6,-1.76106,1,-5.88
0.6,0.601,-1.76694,1,-5.8898
0.601,0.602,-1.77283,1,-5.8996
0.602,0.603,-1.77873,1,-5.9094
0.603,0.604,-1.78464,1,-5.9192
0.604,0.605,-1.79056,1,-5.929
0.605,0.606,-1.79649,1,-5.9388
0.606,0.607,-1.80243,1,-5.9486
0.607,0.608,-1.80837,1,-5.9584
0.608,0.609,-1.81433,1,-5.9682
0.609,0.61,-1.8203,1,-5.978
0.61,0.611,-1.82628,1,-5.9878
0.611,0.612,-1.83227,1,-5.9976
0.612,0.613,-1.83826,1,-6.0074
0.613,0.614,-1.84427,1,-6.0172
0.614,0.615,-1.85029,1,-6.027
0.615,0.616,-1.85632,1,-6.0368
0.616,0.617,-1.86235,1,-6.0466
0.617,0.618,-1.8684,1,-6.0564
0.618,0.619,-1.87446,1,-6.0662
0.619,0.62,-1.88052,1,-6.076
0.62,0.621,-1.8866,1,-6.0858
0.621,0.622,-1.89268,1,-6.0956
0.622,0.623,-1.89878,1,-6.1054
0.623,0.624,-1.90488,1,-6.1152
0.624,0.625,-1.911,1,-6.125
0.625,0.626,-1.91712,1,-6.1348
0.626,0.627,-1.92326,1,-6.1446
0.627,0.628,-1.9294,1,-6.1544
0.628,0.629,-1.93556,1,-6.1642
0.629,0.63,-1.94172,1,-6.174
0.63,0.631,-1.9479,1,-6.1838
0.631,0.632,-1.95408,1,-6.1936
0.632,0.633,-1.96027,1,-6.2034
0.633,0.634,-1.96648,1,-6.2132
0.634,0.635,-1.97269,1,-6.223
0.635,0.636,-1.97891,1,-6.2328
0.636,0.637,-1.98515,1,-6.2426
0.637,0.638,-1.99139,1,-6.2524
0.638,0.639,-1.99764,1,-6.2622
0.639,0.64,-2.0039,1,-6.272
0.64,0.641,-2.01018,1,-6.2818
0.641,0.642,-2.01646,1,-6.2916
0.642,0.643,-2.02275,1,-6.3014
0.643,0.644,-2.02905,1,-6.3112
0.644,0.645,-2.03536,1,-6.321
0.645,0.646,-2.04168,1,-6.3308
0.646,0.647,-2.04801,1,-6.3406
0.647,0.648,-2.05435,1,-6.3504
0.648,0.649,-2.0607,1,-6.3602
0.649,0.65,-2.06706,1,-6.37
0.65,0.651,-2.07343,1,-6.3798
0.651,0.652,-2.07981,1,-6.3896
0.652,0.653,-2.0862,1,-6.3994
0.653,0.654,-2.0926,1,-6.4092
0.654,0.655,-2.09901,1,-6.419
0.655,0.656,-2.10543,1,-6.4288
0.656,0.657,-2.11186,1,-6.4386
0.657,0.658,-2.1183,1,-6.4484
0.658,0.659,-2.12475,1,-6.4582
0.659,0.66,-2.13121,1,-6.468
0.66,0.661,-2.13767,1,-6.4778
0.661,0.662,-2.14415,1,-6.4876
0.662,0.663,-2.15064,1,-6.4974
0.663,0.664,-2.15714,1,-6.5072
0.664,0.665,-2.16364,1,-6.517
0.665,0.666,-2.17016,1,-6.5268
0.666,0.667,-2.17669,1,-6.5366
0.667,0.668,-2.18322,1,-6.5464
0.668,0.669,-2.18977,1,-6.5562
0.669,0.67,-2.19633,1,-6.566
0.67,0.671,-2.20289,1,-6.5758
0.671,0.672,-2.20947,1,-6.5856
0.672,0.673,-2.21605,1,-6.5954
0.673,0.674,-2.22265,1,-6.6052
0.674,0.675,-2.22925,1,-6.615
0.675,0.676,-2.23587,1,-6.6248
0.676,0.677,-2.24249,1,-6.6346
0.677,0.678,-2.24913,1,-6.6444
0.678,0.679,-2.25577,1,-6.6542
0.679,0.68,-2.26243,1,-6.664
0.68,0.681,-2.26909,1,-6.6738
0.681,0.682,-2.27577,1,-6.6836
0.682,0.683,-2.28245,1,-6.6934
0.683,0.684,-2.28914,1,-6.7032
0.684,0.685,-2.29585,1,-6.713
0.685,0.686,-2.30256,1,-6.7228
0.686,0.687,-2.30928,1,-6.7326
0.687,0.688,-2.31601,1,-6.7424
0.688,0.689,-2.32276,1,-6.7522
0.689,0.69,-2.32951,1,-6.762
0.69,0.691,-2.33627,1,-6.7718
0.691,0.692,-2.34304,1,-6.7816
0.692,0.693,-2.34982,1,-6.7914
0.693,0.694,-2.35662,1,-6.8012
0.694,0.695,-2.36342,1,-6.811
0.695,0.696,-2.37023,1,-6.8208
0.696,0.697,-2.37705,1,-6.8306
0.697,0.698,-2.38388,1,-6.8404
0.698,0.699,-2.39072,1,-6.8502
0.699,0.7,-2.39757,1,-6.86
0.7,0.701,-2.40443,1,-6.8698
0.701,0.702,-2.4113,1,-6.8796
0.702,0.703,-2.41818,1,-6.8894
0.703,0.704,-2.42507,1,-6.8992
0.704,0.705,-2.43197,1,-6.909
0.705,0.706,-2.43888,1,-6.9188
0.706,0.707,-2.4458,1,-6.9286
0.707,0.708,-2.45272,1,-6.9384
0.708,0.709,-2.45966,1,-6.9482
0.709,0.71,-2.46661,1,-6.958
0.71,0.711,-2.47357,1,-6.9678
0.711,0.712,-2.48054,1,-6.9776
0.712,0.713,-2.48751,1,-6.9874
0.713,0.714,-2.4945,1,-6.9972
0.714,0.715,-2.5015,1,-7.007
0.715,0.716,-2.50851,1,-7.0168
0.716,0.717,-2.51552,1,-7.0266
0.717,0.718,-2.52255,1,-7.0364
0.718,0.719,-2.52959,1,-7.0462
0.719,0.72,-2.53663,1,-7.056
0.72,0.721,-2.54369,1,-7.0658
0.721,0.722,-2.55075,1,-7.0756
0.722,0.723,-2.55783,1,-7.0854
0.723,0.724,-2.56491,1,-7.0952
0.724,0.725,-2.57201,1,-7.105
0.725,0.726,-2.57911,1,-7.1148
0.726,0.727,-2.58623,1,-7.1246
0.727,0.728,-2.59335,1,-7.1344
0.728,0.729,-2.60049,1,-7.1442
0.729,0.73,-2.60763,1,-7.154
0.73,0.731,-2.61479,1,-7.1638
0.731,0.732,-2.62195,1,-7.1736
0.732,0.733,-2.62912,1,-7.1834
0.733,0.734,-2.63631,1,-7.1932
0.734,0.735,-2.6435,1,-7.203
0.735,0.736,-2.6507,1,-7.2128
0.736,0.737,-2.65792,1,-7.2226
0.737,0.738,-2.66514,1,-7.2324
0.738,0.739,-2.67237,1,-7.2422
0.739,0.74,-2.67961,1,-7.252
0.74,0.741,-2.68687,1,-7.2618
0.741,0.742,-2.69413,1,-7.2716
0.742,0.743,-2.7014,1,-7.2814
0.743,0.744,-2.70868,1,-7.2912
0.744,0.745,-2.71597,1,-7.301
0.745,0.746,-2.72327,1,-7.3108
0.746,0.747,-2.73058,1,-7.3206
0.747,0.748,-2.7379,1,-7.3304
0.748,0.749,-2.74523,1,-7.3402
0.749,0.75,-2.75257,1,-7.35
0.75,0.751,-2.75992,1,-7.3598
0.751,0.752,-2.76728,1,-7.3696
0.752,0.753,-2.77465,1,-7.3794
0.753,0.754,-2.78203,1,-7.3892
0.754,0.755,-2.78942,1,-7.399
0.755,0.756,-2.79682,1,-7.4088
0.756,0.757,-2.80423,1,-7.4186
0.757,0.758,-2.81165,1,-7.4284
0.758,0.759,-2.81908,1,-7.4382
0.759,0.76,-2.82652,1,-7.448
0.76,0.761,-2.83396,1,-7.4578
0.761,0.762,-2.84142,1,-7.4676
0.762,0.763,-2.84889,1,-7.4774
0.763,0.764,-2.85637,1,-7.4872
0.764,0.765,-2.86385,1,-7.497
0.765,0.766,-2.87135,1,-7.5068
0.766,0.767,-2.87886,1,-7.5166
0.767,0.768,-2.88637,1,-7.5264
0.768,0.769,-2.8939,1,-7.5362
0.769,0.77,-2.90144,1,-7.546
0.77,0.771,-2.90898,1,-7.5558
0.771,0.772,-2.91654,1,-7.5656
0.772,0.773,-2.9241,1,-7.5754
0.773,0.774,-2.93168,1,-7.5852
0.774,0.775,-2.93927,1,-7.595
0.775,0.776,-2.94686,1,-7.6048
0.776,0.777,-2.95446,1,-7.6146
0.777,0.778,-2.96208,1,-7.6244
0.778,0.779,-2.9697,1,-7.6342
0.779,0.78,-2.97734,1,-7.644
0.78,0.781,-2.98498,1,-7.6538
0.781,0.782,-2.99264,1,-7.6636
0.782,0.783,-3.0003,1,-7.6734
0.783,0.784,-3.00797,1,-7.6832
0.784,0.785,-3.01566,1,-7.693
0.785,0.786,-3.02335,1,-7.7028
0.786,0.787,-3.03105,1,-7.7126
0.787,0.788,-3.03876,1,-7.7224
0.788,0.789,-3.04649,1,-7.7322
0.789,0.79,-3.05422,1,-7.742
0.79,0.791,-3.06196,1,-7.7518
0.791,0.792,-3.06971,1,-7.7616
0.792,0.793,-3.07747,1,-7.7714
0.793,0.794,-3.08525,1,-7.7812
0.794,0.795,-3.09303,1,-7.791
0.795,0.796,-3.10082,1,-7.8008
0.796,0.797,-3.10862,1,-7.8106
0.797,0.798,-3.11643,1,-7.8204
0.798,0.799,-3.12425,1,-7.8302
0.799,0.8,-3.13208,1,-7.84
0.8,0.801,-3.13992,1,-7.8498
0.801,0.802,-3.14777,1,-7.8596
0.802,0.803,-3.15563,1,-7.8694
0.803,0.804,-3.1635,1,-7.8792
0.804,0.805,-3.17138,1,-7.889
0.805,0.806,-3.17927,1,-7.8988
0.806,0.807,-3.18717,1,-7.9086
0.807,0.808,-3.19507,1,-7.9184
0.808,0.809,-3.20299,1,-7.9282
0.809,0.81,-3.21092,1,-7.938
0.81,0.811,-3.21886,1,-7.9478
0.811,0.812,-3.22681,1,-7.9576
0.812,0.813,-3.23476,1,-7.9674
0.813,0.814,-3.24273,1,-7.9772
0.814,0.815,-3.25071,1,-7.987
0.815,0.816,-3.2587,1,-7.9968
0.816,0.817,-3.26669,1,-8.0066
0.817,0.818,-3.2747,1,-8.0164
0.818,0.819,-3.28272,1,-8.0262
0.819,0.82,-3.29074,1,-8.036
0.82,0.821,-3.29878,1,-8.0458
0.821,0.822,-3.30682,1,-8.0556
0.822,0.823,-3.31488,1,-8.0654
0.823,0.824,-3.32294,1,-8.0752
0.824,0.825,-3.33102,1,-8.085
0.825,0.826,-3.33911,1,-8.0948
0.826,0.827,-3.3472,1,-8.1046
0.827,0.828,-3.3553,1,-8.1144
0.828,0.829,-3.36342,1,-8.1242
0.829,0.83,-3.37154,1,-8.134
0.83,0.831,-3.37968,1,-8.1438
0.831,0.832,-3.38782,1,-8.1536
0.832,0.833,-3.39597,1,-8.1634
0.833,0.834,-3.40414,1,-8.1732
0.834,0.835,-3.41231,1,-8.183
0.835,0.836,-3.42049,1,-8.1928
0.836,0.837,-3.42869,1,-8.2026
0.837,0.838,-3.43689,1,-8.2124
0.838,0.839,-3.4451,1,-8.2222
0.839,0.84,-3.45332,1,-8.232
0.84,0.841,-3.46156,1,-8.2418
0.841,0.842,-3.4698,1,-8.2516
0.842,0.843,-3.47805,1,-8.2614
0.843,0.844,-3.48631,1,-8.2712
0.844,0.845,-3.49458,1,-8.281
0.845,0.846,-3.50286,1,-8.2908
0.846,0.847,-3.51115,1,-8.3006
0.847,0.848,-3.51945,1,-8.3104
0.848,0.849,-3.52776,1,-8.3202
0.849,0.85,-3.53609,1,-8.33
0.85,0.851,-3.54442,1,-8.3398
0.851,0.852,-3.55275,1,-8.3496
0.852,0.853,-3.5611,1,-8.3594
0.853,0.854,-3.56946,1,-8.3692
0.854,0.855,-3.57783,1,-8.379
0.855,0.856,-3.58621,1,-8.3888
0.856,0.857,-3.5946,1,-8.3986
0.857,0.858,-3.603,1,-8.4084
0.858,0.859,-3.61141,1,-8.4182
0.859,0.86,-3.61983,1,-8.428
0.86,0.861,-3.62825,1,-8.4378
0.861,0.862,-3.63669,1,-8.4476
0.862,0.863,-3.64514,1,-8.4574
0.863,0.864,-3.6536,1,-8.4672
0.864,0.865,-3.66206,1,-8.477
0.865,0.866,-3.67054,1,-8.4868
0.866,0.867,-3.67903,1,-8.4966
0.867,0.868,-3.68752,1,-8.5064
0.868,0.869,-3.69603,1,-8.5162
0.869,0.87,-3.70455,1,-8.526
0.87,0.871,-3.71307,1,-8.5358
0.871,0.872,-3.72161,1,-8.5456
0.872,0.873,-3.73015,1,-8.5554
0.873,0.874,-3.73871,1,-8.5652
0.874,0.875,-3.74728,1,-8.575
0.875,0.876,-3.75585,1,-8.5848
0.876,0.877,-3.76443,1,-8.5946
0.877,0.878,-3.77303,1,-8.6044
0.878,0.879,-3.78163,1,-8.6142
0.879,0.88,-3.79025,1,-8.624
0.88,0.881,-3.79887,1,-8.6338
0.881,0.882,-3.80751,1,-8.6436
0.882,0.883,-3.81615,1,-8.6534
0.883,0.884,-3.8248,1,-8.6632
0.884,0.885,-3.83347,1,-8.673
0.885,0.886,-3.84214,1,-8.6828
0.886,0.887,-3.85082,1,-8.6926
0.887,0.888,-3.85951,1,-8.7024
0.888,0.889,-3.86822,1,-8.7122
0.889,0.89,-3.87693,1,-8.722
0.89,0.891,-3.88565,1,-8.7318
0.891,0.892,-3.89438,1,-8.7416
0.892,0.893,-3.90312,1,-8.7514
0.893,0.894,-3.91188,1,-8.7612
0.894,0.895,-3.92064,1,-8.771
0.895,0.896,-3.92941,1,-8.7808
0.896,0.897,-3.93819,1,-8.7906
0.897,0.898,-3.94698,1,-8.8004
0.898,0.899,-3.95578,1,-8.8102
0.899,0.9,-3.96459,1,-8.82
0.9,0.901,-3.97341,1,-8.8298
0.901,0.902,-3.98224,1,-8.8396
0.902,0.903,-3.99108,1,-8.8494
0.903,0.904,-3.99993,1,-8.8592
0.904,0.905,-4.00879,1,-8.869
0.905,0.906,-4.01766,1,-8.8788
0.906,0.907,-4.02654,1,-8.8886
0.907,0.908,-4.03542,1,-8.8984
0.908,0.909,-4.04432,1,-8.9082
0.909,0.91,-4.05323,1,-8.918
0.91,0.911,-4.06215,1,-8.9278
0.911,0.912,-4.07108,1,-8.9376
0.912,0.913,-4.08001,1,-8.9474
0.913,0.914,-4.08896,1,-8.9572
0.914,0.915,-4.09792,1,-8.967
0.915,0.916,-4.10689,1,-8.9768
0.916,0.917,-4.11586,1,-8.9866
0.917,0.918,-4.12485,1,-8.9964
0.918,0.919,-4.13385,1,-9.0062
0.919,0.92,-4.14285,1,-9.016
0.92,0.921,-4.15187,1,-9.0258
0.921,0.922,-4.16089,1,-9.0356
0.922,0.923,-4.16993,1,-9.0454
0.923,0.924,-4.17897,1,-9.0552
0.924,0.925,-4.18803,1,-9.065
0.925,0.926,-4.1971,1,-9.0748
0.926,0.927,-4.20617,1,-9.0846
0.927,0.928,-4.21525,1,-9.0944
0.928,0.929,-4.22435,1,-9.1042
0.929,0.93,-4.23345,1,-9.114
0.93,0.931,-4.24257,1,-9.1238
0.931,0.932,-4.25169,1,-9.1336
0.932,0.933,-4.26082,1,-9.1434
0.933,0.934,-4.26997,1,-9.1532
0.934,0.935,-4.27912,1,-9.163
0.935,0.936,-4.28828,1,-9.1728
0.936,0.937,-4.29746,1,-9.1826
0.937,0.938,-4.30664,1,-9.1924
0.938,0.939,-4.31583,1,-9.2022
0.939,0.94,-4.32503,1,-9.212
0.94,0.941,-4.33425,1,-9.2218
0.941,0.942,-4.34347,1,-9.2316
0.942,0.943,-4.3527,1,-9.2414
0.943,0.944,-4.36194,1,-9.2512
0.944,0.945,-4.37119,1,-9.261
0.945,0.946,-4.38045,1,-9.2708
0.946,0.947,-4.38972,1,-9.2806
0.947,0.948,-4.399,1,-9.2904
0.948,0.949,-4.40829,1,-9.3002
0.949,0.95,-4.4176,1,-9.31
0.95,0.951,-4.42691,1,-9.3198
0.951,0.952,-4.43622,1,-9.3296
0.952,0.953,-4.44555,1,-9.3394
0.953,0.954,-4.45489,1,-9.3492
0.954,0.955,-4.46424,1,-9.359
0.955,0.956,-4.4736,1,-9.3688
0.956,0.957,-4.48297,1,-9.3786
0.957,0.958,-4.49235,1,-9.3884
0.958,0.959,-4.50174,1,-9.3982
0.959,0.96,-4.51114,1,-9.408
0.96,0.961,-4.52054,1,-9.4178
0.961,0.962,-4.52996,1,-9.4276
0.962,0.963,-4.53939,1,-9.4374
0.963,0.964,-4.54883,1,-9.4472
0.964,0.965,-4.55827,1,-9.457
0.965,0.966,-4.56773,1,-9.4668
0.966,0.967,-4.5772,1,-9.4766
0.967,0.968,-4.58667,1,-9.4864
0.968,0.969,-4.59616,1,-9.4962
0.969,0.97,-4.60566,1,-9.506
0.97,0.971,-4.61516,1,-9.5158
0.971,0.972,-4.62468,1,-9.5256
0.972,0.973,-4.6342,1,-9.5354
0.973,0.974,-4.64374,1,-9.5452
0.974,0.975,-4.65329,1,-9.555
0.975,0.976,-4.66284,1,-9.5648
0.976,0.977,-4.6724,1,-9.5746
0.977,0.978,-4.68198,1,-9.5844
0.978,0.979,-4.69156,1,-9.5942
0.979,0.98,-4.70116,1,-9.604
0.98,0.981,-4.71076,1,-9.6138
0.981,0.982,-4.72038,1,-9.6236
0.982,0.983,-4.73,1,-9.6334
0.983,0.984,-4.73963,1,-9.6432
0.984,0.985,-4.74928,1,-9.653
0.985,0.986,-4.75893,1,-9.6628
0.986,0.987,-4.76859,1,-9.6726
0.987,0.988,-4.77826,1,-9.6824
0.988,0.989,-4.78795,1,-9.6922
0.989,0.99,-4.79764,1,-9.702
0.99,0.991,-4.80734,1,-9.7118
0.991,0.992,-4.81705,1,-9.7216
0.992,0.993,-4.82677,1,-9.7314
0.993,0.994,-4.83651,1,-9.7412
0.994,0.995,-4.84625,1,-9.751
0.995,0.996,-4.856,1,-9.7608
0.996,0.997,-4.86576,1,-9.7706
0.997,0.998,-4.87553,1,-9.7804
0.998,0.999,-4.88531,1,-9.7902
0.999,1,-4.8951,1,-9.8
1,1.001,-4.9049,1,-9.8098
1.001,1.002,-4.91471,1,-9.8196
1.002,1.003,-4.92453,1,-9.8294
1.003,1.004,-4.93436,1,-9.8392
1.004,1.005,-4.9442,1,-9.849
1.005,1.006,-4.95405,1,-9.8588
1.006,1.007,-4.96391,1,-9.8686
1.007,1.008,-4.97377,1,-9.8784
1.008,1.009,-4.98365,1,-9.8882
1.009,1.01,-4.99354,1,-9.898
1.01,1.011,-5.00344,1,-9.9078
1.011,1.012,-5.01335,1,-9.9176
1.012,1.013,-5.02326,1,-9.9274
1.013,1.014,-5.03319,1,-9.9372
1.014,1.015,-5.04313,1,-9.947
1.015,1.016,-5.05308,1,-9.9568
1.016,1.017,-5.06303,1,-9.9666
1.017,1.018,-5.073,1,-9.9764
1.018,1.019,-5.08298,1,-9.9862
1.019,1.02,-5.09296,1,-9.996
1.02,1.021,-5.10296,1,-10.0058
1.021,1.022,-5.11296,1,-10.0156
1.022,1.023,-5.12298,1,-10.0254
1.023,1.024,-5.133,1,-10.0352
1.024,1.025,-5.14304,1,-10.045
1.025,1.026,-5.15309,1,-10.0548
1.026,1.027,-5.16314,1,-10.0646
1.027,1.028,-5.1732,1,-10.0744
1.028,1.029,-5.18328,1,-10.0842
1.029,1.03,-5.19336,1,-10.094
1.03,1.031,-5.20346,1,-10.1038
1.031,1.032,-5.21356,1,-10.1136
1.032,1.033,-5.22367,1,-10.1234
1.033,1.034,-5.2338,1,-10.1332
1.034,1.035,-5.24393,1,-10.143
1.035,1.036,-5.25407,1,-10.1528
1.036,1.037,-5.26423,1,-10.1626
1.037,1.038,-5.27439,1,-10.1724
1.038,1.039,-5.28456,1,-10.1822
1.039,1.04,-5.29474,1,-10.192
1.04,1.041,-5.30494,1,-10.2018
1.041,1.042,-5.31514,1,-10.2116
1.042,1.043,-5.32535,1,-10.2214
1.043,1.044,-5.33557,1,-10.2312
1.044,1.045,-5.3458,1,-10.241
1.045,1.046,-5.35604,1,-10.2508
1.046,1.047,-5.36629,1,-10.2606
1.047,1.048,-5.37655,1,-10.2704
1.048,1.049,-5.38682,1,-10.2802
1.049,1.05,-5.39711,1,-10.29
1.05,1.051,-5.4074,1,-10.2998
1.051,1.052,-5.41769,1,-10.3096
1.052,1.053,-5.428,1,-10.3194
1.053,1.054,-5.43832,1,-10.3292
1.054,1.055,-5.44865,1,-10.339
1.055,1.056,-5.45899,1,-10.3488
1.056,1.057,-5.46934,1,-10.3586
1.057,1.058,-5.4797,1,-10.3684
1.058,1.059,-5.49007,1,-10.3782
1.059,1.06,-5.50045,1,-10.388
1.06,1.061,-5.51083,1,-10.3978
1.061,1.062,-5.52123,1,-10.4076
1.062,1.063,-5.53164,1,-10.4174
1.063,1.064,-5.54206,1,-10.4272
1.064,1.065,-5.55248,1,-10.437
1.065,1.066,-5.56292,1,-10.4468
1.066,1.067,-5.57337,1,-10.4566
1.067,1.068,-5.58382,1,-10.4664
1.068,1.069,-5.59429,1,-10.4762
1.069,1.07,-5.60477,1,-10.486
1.07,1.071,-5.61525,1,-10.4958
1.071,1.072,-5.62575,1,-10.5056
1.072,1.073,-5.63625,1,-10.5154
1.073,1.074,-5.64677,1,-10.5252
1.074,1.075,-5.6573,1,-10.535
1.075,1.076,-5.66783,1,-10.5448
1.076,1.077,-5.67837,1,-10.5546
1.077,1.078,-5.68893,1,-10.5644
1.078,1.079,-5.69949,1,-10.5742
1.079,1.08,-5.71007,1,-10.584
1.08,1.081,-5.72065,1,-10.5938
1.081,1.082,-5.73125,1,-10.6036
1.082,1.083,-5.74185,1,-10.6134
1.083,1.084,-5.75246,1,-10.6232
1.084,1.085,-5.76309,1,-10.633
1.085,1.086,-5.77372,1,-10.6428
1.086,1.087,-5.78436,1,-10.6526
1.087,1.088,-5.79501,1,-10.6624
1.088,1.089,-5.80568,1,-10.6722
1.089,1.09,-5.81635,1,-10.682
1.09,1.091,-5.82703,1,-10.6918
1.091,1.092,-5.83772,1,-10.7016
1.092,1.093,-5.84842,1,-10.7114
1.093,1.094,-5.85914,1,-10.7212
1.094,1.095,-5.86986,1,-10.731
1.095,1.096,-5.88059,1,-10.7408
1.096,1.097,-5.89133,1,-10.7506
1.097,1.098,-5.90208,1,-10.7604
1.098,1.099,-5.91284,1,-10.7702
1.099,1.1,-5.92361,1,-10.78
1.1,1.101,-5.93439,1,-10.7898
1.101,1.102,-5.94518,1,-10.7996
1.102,1.103,-5.95598,1,-10.8094
1.103,1.104,-5.96679,1,-10.8192
1.104,1.105,-5.97761,1,-10.829
1.105,1.106,-5.98844,1,-10.8388
1.106,1.107,-5.99928,1,-10.8486
1.107,1.108,-6.01012,1,-10.8584
1.108,1.109,-6.02098,1,-10.8682
1.109,1.11,-6.03185,1,-10.878
1.11,1.111,-6.04273,1,-10.8878
1.111,1.112,-6.05362,1,-10.8976
1.112,1.113,-6.06451,1,-10.9074
1.113,1.114,-6.07542,1,-10.9172
1.114,1.115,-6.08634,1,-10.927
1.115,1.116,-6.09727,1,-10.9368
1.116,1.117,-6.1082,1,-10.9466
1.117,1.118,-6.11915,1,-10.9564
1.118,1.119,-6.13011,1,-10.9662
1.119,1.12,-6.14107,1,-10.976
1.12,1.121,-6.15205,1,-10.9858
1.121,1.122,-6.16303,1,-10.9956
1.122,1.123,-6.17403,1,-11.0054
1.123,1.124,-6.18503,1,-11.0152
1.124,1.125,-6.19605,1,-11.025
1.125,1.126,-6.20708,1,-11.0348
1.126,1.127,-6.21811,1,-11.0446
1.127,1.128,-6.22915,1,-11.0544
1.128,1.129,-6.24021,1,-11.0642
1.129,1.13,-6.25127,1,-11.074
1.13,1.131,-6.26235,1,-11.0838
1.131,1.132,-6.27343,1,-11.0936
1.132,1.133,-6.28452,1,-11.1034
1.133,1.134,-6.29563,1,-11.1132
1.134,1.135,-6.30674,1,-11.123
1.135,1.136,-6.31786,1,-11.1328
1.136,1.137,-6.329,1,-11.1426
1.137,1.138,-6.34014,1,-11.1524
1.138,1.139,-6.35129,1,-11.1622
1.139,1.14,-6.36245,1,-11.172
1.14,1.141,-6.37363,1,-11.1818
1.141,1.142,-6.38481,1,-11.1916
1.142,1.143,-6.396,1,-11.2014
1.143,1.144,-6.4072,1,-11.2112
1.144,1.145,-6.41841,1,-11.221
1.145,1.146,-6.42963,1,-11.2308
1.146,1.147,-6.44086,1,-11.2406
1.147,1.148,-6.4521,1,-11.2504
1.148,1.149,-6.46335,1,-11.2602
1.149,1.15,-6.47462,1,-11.27
1.15,1.151,-6.48589,1,-11.2798
1.151,1.152,-6.49716,1,-11.2896
1.152,1.153,-6.50845,1,-11.2994
1.153,1.154,-6.51975,1,-11.3092
1.154,1.155,-6.53106,1,-11.319
1.155,1.156,-6.54238,1,-11.3288
1.156,1.157,-6.55371,1,-11.3386
1.157,1.158,-6.56505,1,-11.3484
1.158,1.159,-6.5764,1,-11.3582
1.159,1.16,-6.58776,1,-11.368
1.16,1.161,-6.59912,1,-11.3778
1.161,1.162,-6.6105,1,-11.3876
1.162,1.163,-6.62189,1,-11.3974
1.163,1.164,-6.63329,1,-11.4072
1.164,1.165,-6.64469,1,-11.417
1.165,1.166,-6.65611,1,-11.4268
1.166,1.167,-6.66754,1,-11.4366
1.167,1.168,-6.67897,1,-11.4464
1.168,1.169,-6.69042,1,-11.4562
1.169,1.17,-6.70188,1,-11.466
1.17,1.171,-6.71334,1,-11.4758
1.171,1.172,-6.72482,1,-11.4856
1.172,1.173,-6.7363,1,-11.4954
1.173,1.174,-6.7478,1,-11.5052
1.174,1.175,-6.75931,1,-11.515
1.175,1.176,-6.77082,1,-11.5248
1.176,1.177,-6.78234,1,-11.5346
1.177,1.178,-6.79388,1,-11.5444
1.178,1.179,-6.80542,1,-11.5542
1.179,1.18,-6.81698,1,-11.564
1.18,1.181,-6.82854,1,-11.5738
1.181,1.182,-6.84012,1,-11.5836
1.182,1.183,-6.8517,1,-11.5934
1.183,1.184,-6.86329,1,-11.6032
1.184,1.185,-6.8749,1,-11.613
1.185,1.186,-6.88651,1,-11.6228
1.186,1.187,-6.89813,1,-11.6326
1.187,1.188,-6.90976,1,-11.6424
1.188,1.189,-6.92141,1,-11.6522
1.189,1.19,-6.93306,1,-11.662
1.19,1.191,-6.94472,1,-11.6718
1.191,1.192,-6.95639,1,-11.6816
1.192,1.193,-6.96807,1,-11.6914
1.193,1.194,-6.97977,1,-11.7012
1.194,1.195,-6.99147,1,-11.711
1.195,1.196,-7.00318,1,-11.7208
1.196,1.197,-7.0149,1,-11.7306
1.197,1.198,-7.02663,1,-11.7404
1.198,1.199,-7.03837,1,-11.7502
1.199,1.2,-7.05012,1,-11.76
1.2,1.201,-7.06188,1,-11.7698
1.201,1.202,-7.07365,1,-11.7796
1.202,1.203,-7.08543,1,-11.7894
1.203,1.204,-7.09722,1,-11.7992
1.204,1.205,-7.10902,1,-11.809
1.205,1.206,-7.12083,1,-11.8188
1.206,1.207,-7.13265,1,-11.8286
1.207,1.208,-7.14447,1,-11.8384
1.208,1.209,-7.15631,1,-11.8482
1.209,1.21,-7.16816,1,-11.858
1.21,1.211,-7.18002,1,-11.8678
1.211,1.212,-7.19189,1,-11.8776
1.212,1.213,-7.20376,1,-11.8874
1.213,1.214,-7.21565,1,-11.8972
1.214,1.215,-7.22755,1,-11.907
1.215,1.216,-7.23946,1,-11.9168
1.216,1.217,-7.25137,1,-11.9266
1.217,1.218,-7.2633,1,-11.9364
1.218,1.219,-7.27524,1,-11.9462
1.219,1.22,-7.28718,1,-11.956
1.22,1.221,-7.29914,1,-11.9658
1.221,1.222,-7.3111,1,-11.9756
1.222,1.223,-7.32308,1,-11.9854
1.223,1.224,-7.33506,1,-11.9952
1.224,1.225,-7.34706,1,-12.005
1.225,1.226,-7.35907,1,-12.0148
1.226,1.227,-7.37108,1,-12.0246
1.227,1.228,-7.3831,1,-12.0344
1.228,1.229,-7.39514,1,-12.0442
1.229,1.23,-7.40718,1,-12.054
1.23,1.231,-7.41924,1,-12.0638
1.231,1.232,-7.4313,1,-12.0736
1.232,1.233,-7.44337,1,-12.0834
1.233,1.234,-7.45546,1,-12.0932
1.234,1.235,-7.46755,1,-12.103
1.235,1.236,-7.47965,1,-12.1128
1.236,1.237,-7.49177,1,-12.1226
1.237,1.238,-7.50389,1,-12.1324
1.238,1.239,-7.51602,1,-12.1422
1.239,1.24,-7.52816,1,-12.152
1.24,1.241,-7.54032,1,-12.1618
1.241,1.242,-7.55248,1,-12.1716
1.242,1.243,-7.56465,1,-12.1814
1.243,1.244,-7.57683,1,-12.1912
1.244,1.245,-7.58902,1,-12.201
1.245,1.246,-7.60122,1,-12.2108
1.246,1.247,-7.61343,1,-12.2206
1.247,1.248,-7.62565,1,-12.2304
1.248,1.249,-7.63788,1,-12.2402
1.249,1.25,-7.65013,1,-12.25
1.25,1.251,-7.66238,1,-12.2598
1.251,1.252,-7.67463,1,-12.2696
1.252,1.253,-7.6869,1,-12.2794
1.253,1.254,-7.69918,1,-12.2892
1.254,1.255,-7.71147,1,-12.299
1.255,1.256,-7.72377,1,-12.3088
1.256,1.257,-7.73608,1,-12.3186
1.257,1.258,-7.7484,1,-12.3284
1.258,1.259,-7.76073,1,-12.3382
1.259,1.26,-7.77307,1,-12.348
1.26,1.261,-7.78541,1,-12.3578
1.261,1.262,-7.79777,1,-12.3676
1.262,1.263,-7.81014,1,-12.3774
1.263,1.264,-7.82252,1,-12.3872
1.264,1.265,-7.8349,1,-12.397
1.265,1.266,-7.8473,1,-12.4068
1.266,1.267,-7.85971,1,-12.4166
1.267,1.268,-7.87212,1,-12.4264
1.268,1.269,-7.88455,1,-12.4362
1.269,1.27,-7.89699,1,-12.446
1.27,1.271,-7.90943,1,-12.4558
1.271,1.272,-7.92189,1,-12.4656
1.272,1.273,-7.93435,1,-12.4754
1.273,1.274,-7.94683,1,-12.4852
1.274,1.275,-7.95932,1,-12.495
1.275,1.276,-7.97181,1,-12.5048
1.276,1.277,-7.98431,1,-12.5146
1.277,1.278,-7.99683,1,-12.5244
1.278,1.279,-8.00935,1,-12.5342
1.279,1.28,-8.02189,1,-12.544
1.28,1.281,-8.03443,1,-12.5538
1.281,1.282,-8.04699,1,-12.5636
1.282,1.283,-8.05955,1,-12.5734
1.283,1.284,-8.07212,1,-12.5832
1.284,1.285,-8.08471,1,-12.593
1.285,1.286,-8.0973,1,-12.6028
1.286,1.287,-8.1099,1,-12.6126
1.287,1.288,-8.12251,1,-12.6224
1.288,1.289,-8.13514,1,-12.6322
1.289,1.29,-8.14777,1,-12.642
1.29,1.291,-8.16041,1,-12.6518
1.291,1.292,-8.17306,1,-12.6616
1.292,1.293,-8.18572,1,-12.6714
1.293,1.294,-8.1984,1,-12.6812
1.294,1.295,-8.21108,1,-12.691
1.295,1.296,-8.22377,1,-12.7008
1.296,1.297,-8.23647,1,-12.7106
1.297,1.298,-8.24918,1,-12.7204
1.298,1.299,-8.2619,1,-12.7302
1.299,1.3,-8.27463,1,-12.74
1.3,1.301,-8.28737,1,-12.7498
1.301,1.302,-8.30012,1,-12.7596
1.302,1.303,-8.31288,1,-12.7694
1.303,1.304,-8.32565,1,-12.7792
1.304,1.305,-8.33843,1,-12.789
1.305,1.306,-8.35122,1,-12.7988
1.306,1.307,-8.36402,1,-12.8086
1.307,1.308,-8.37682,1,-12.8184
1.308,1.309,-8.38964,1,-12.8282
1.309,1.31,-8.40247,1,-12.838
1.31,1.311,-8.41531,1,-12.8478
1.311,1.312,-8.42816,1,-12.8576
1.312,1.313,-8.44101,1,-12.8674
1.313,1.314,-8.45388,1,-12.8772
1.314,1.315,-8.46676,1,-12.887
1.315,1.316,-8.47965,1,-12.8968
1.316,1.317,-8.49254,1,-12.9066
1.317,1.318,-8.50545,1,-12.9164
1.318,1.319,-8.51837,1,-12.9262
1.319,1.32,-8.53129,1,-12.936
1.32,1.321,-8.54423,1,-12.9458
1.321,1.322,-8.55717,1,-12.9556
1.322,1.323,-8.57013,1,-12.9654
1.323,1.324,-8.58309,1,-12.9752
1.324,1.325,-8.59607,1,-12.985
1.325,1.326,-8.60906,1,-12.9948
1.326,1.327,-8.62205,1,-13.0046
1.327,1.328,-8.63505,1,-13.0144
1.328,1.329,-8.64807,1,-13.0242
1.329,1.33,-8.66109,1,-13.034
1.33,1.331,-8.67413,1,-13.0438
1.331,1.332,-8.68717,1,-13.0536
1.332,1.333,-8.70022,1,-13.0634
1.333,1.334,-8.71329,1,-13.0732
1.334,1.335,-8.72636,1,-13.083
1.335,1.336,-8.73944,1,-13.0928
1.336,1.337,-8.75254,1,-13.1026
1.337,1.338,-8.76564,1,-13.1124
1.338,1.339,-8.77875,1,-13.1222
1.339,1.34,-8.79187,1,-13.132
1.34,1.341,-8.80501,1,-13.1418
1.341,1.342,-8.81815,1,-13.1516
1.342,1.343,-8.8313,1,-13.1614
1.343,1.344,-8.84446,1,-13.1712
1.344,1.345,-8.85763,1,-13.181
1.345,1.346,-8.87081,1,-13.1908
1.346,1.347,-8.884,1,-13.2006
1.347,1.348,-8.8972,1,-13.2104
1.348,1.349,-8.91041,1,-13.2202
1.349,1.35,-8.92364,1,-13.23
1.35,1.351,-8.93687,1,-13.2398
1.351,1.352,-8.9501,1,-13.2496
1.352,1.353,-8.96335,1,-13.2594
1.353,1.354,-8.97661,1,-13.2692
1.354,1.355,-8.98988,1,-13.279
1.355,1.356,-9.00316,1,-13.2888
1.356,1.357,-9.01645,1,-13.2986
1.357,1.358,-9.02975,1,-13.3084
1.358,1.359,-9.04306,1,-13.3182
1.359,1.36,-9.05638,1,-13.328
1.36,1.361,-9.0697,1,-13.3378
1.361,1.362,-9.08304,1,-13.3476
1.362,1.363,-9.09639,1,-13.3574
1.363,1.364,-9.10975,1,-13.3672
1.364,1.365,-9.12311,1,-13.377
1.365,1.366,-9.13649,1,-13.3868
1.366,1.367,-9.14988,1,-13.3966
1.367,1.368,-9.16327,1,-13.4064
1.368,1.369,-9.17668,1,-13.4162
1.369,1.37,-9.1901,1,-13.426
1.37,1.371,-9.20352,1,-13.4358
1.371,1.372,-9.21696,1,-13.4456
1.372,1.373,-9.2304,1,-13.4554
1.373,1.374,-9.24386,1,-13.4652
1.374,1.375,-9.25733,1,-13.475
1.375,1.376,-9.2708,1,-13.4848
1.376,1.377,-9.28428,1,-13.4946
1.377,1.378,-9.29778,1,-13.5044
1.378,1.379,-9.31128,1,-13.5142
1.379,1.38,-9.3248,1,-13.524
1.38,1.381,-9.33832,1,-13.5338
1.381,1.382,-9.35186,1,-13.5436
1.382,1.383,-9.3654,1,-13.5534
1.383,1.384,-9.37895,1,-13.5632
1.384,1.385,-9.39252,1,-13.573
1.385,1.386,-9.40609,1,-13.5828
1.386,1.387,-9.41967,1,-13.5926
1.387,1.388,-9.43326,1,-13.6024
1.388,1.389,-9.44687,1,-13.6122
1.389,1.39,-9.46048,1,-13.622
1.39,1.391,-9.4741,1,-13.6318
1.391,1.392,-9.48773,1,-13.6416
1.392,1.393,-9.50137,1,-13.6514
1.393,1.394,-9.51503,1,-13.6612
1.394,1.395,-9.52869,1,-13.671
1.395,1.396,-9.54236,1,-13.6808
1.396,1.397,-9.55604,1,-13.6906
1.397,1.398,-9.56973,1,-13.7004
1.398,1.399,-9.58343,1,-13.7102
1.399,1.4,-9.59714,1,-13.72
1.4,1.401,-9.61086,1,-13.7298
1.401,1.402,-9.62459,1,-13.7396
1.402,1.403,-9.63833,1,-13.7494
1.403,1.404,-9.65208,1,-13.7592
1.404,1.405,-9.66584,1,-13.769
1.405,1.406,-9.67961,1,-13.7788
1.406,1.407,-9.69339,1,-13.7886
1.407,1.408,-9.70717,1,-13.7984
1.408,1.409,-9.72097,1,-13.8082
1.409,1.41,-9.73478,1,-13.818
1.41,1.411,-9.7486,1,-13.8278
1.411,1.412,-9.76243,1,-13.8376
1.412,1.413,-9.77626,1,-13.8474
1.413,1.414,-9.79011,1,-13.8572
1.414,1.415,-9.80397,1,-13.867
1.415,1.416,-9.81784,1,-13.8768
1.416,1.417,-9.83171,1,-13.8866
1.417,1.418,-9.8456,1,-13.8964
1.418,1.419,-9.8595,1,-13.9062
1.419,1.42,-9.8734,1,-13.916
1.42,1.421,-9.88732,1,-13.9258
1.421,1.422,-9.90124,1,-13.9356
1.422,1.423,-9.91518,1,-13.9454
1.423,1.424,-9.92912,1,-13.9552
1.424,1.425,-9.94308,1,-13.965
1.425,1.426,-9.95705,1,-13.9748
1.426,1.427,-9.97102,1,-13.9846
1.427,1.428,-9.985,1,-13.9944
1.428,1.429,-9.999,1,-14.0042
1.429,1.43,-10.013,1,-14.014
1.43,1.431,-10.027,1,-14.0238
1.431,1.432,-10.041,1,-14.0336
1.432,1.433,-10.0551,1,-14.0434
1.433,1.434,-10.0691,1,-14.0532
1.434,1.435,-10.0832,1,-14.063
1.435,1.436,-10.0972,1,-14.0728
1.436,1.437,-10.1113,1,-14.0826
1.437,1.438,-10.1254,1,-14.0924
1.438,1.439,-10.1395,1,-14.1022
1.439,1.44,-10.1536,1,-14.112
1.44,1.441,-10.1677,1,-14.1218
1.441,1.442,-10.1818,1,-14.1316
1.442,1.443,-10.1959,1,-14.1414
1.443,1.444,-10.2101,1,-14.1512
1.444,1.445,-10.2242,1,-14.161
1.445,1.446,-10.2384,1,-14.1708
1.446,1.447,-10.2526,1,-14.1806
1.447,1.448,-10.2668,1,-14.1904
1.448,1.449,-10.2809,1,-14.2002
1.449,1.45,-10.2951,1,-14.21
1.45,1.451,-10.3094,1,-14.2198
1.451,1.452,-10.3236,1,-14.2296
1.452,1.453,-10.3378,1,-14.2394
1.453,1.454,-10.352,1,-14.2492
1.454,1.455,-10.3663,1,-14.259
1.455,1.456,-10.3806,1,-14.2688
1.456,1.457,-10.3948,1,-14.2786
1.457,1.458,-10.4091,1,-14.2884
1.458,1.459,-10.4234,1,-14.2982
1.459,1.46,-10.4377,1,-14.308
1.46,1.461,-10.452,1,-14.3178
1.461,1.462,-10.4663,1,-14.3276
1.462,1.463,-10.4806,1,-14.3374
1.463,1.464,-10.495,1,-14.3472
1.464,1.465,-10.5093,1,-14.357
1.465,1.466,-10.5237,1,-14.3668
1.466,1.467,-10.538,1,-14.3766
1.467,1.468,-10.5524,1,-14.3864
1.468,1.469,-10.5668,1,-14.3962
1.469,1.47,-10.5812,1,-14.406
1.47,1.471,-10.5956,1,-14.4158
1.471,1.472,-10.61,1,-14.4256
1.472,1.473,-10.6245,1,-14.4354
1.473,1.474,-10.6389,1,-14.4452
1.474,1.475,-10.6533,1,-14.455
1.475,1.476,-10.6678,1,-14.4648
1.476,1.477,-10.6823,1,-14.4746
1.477,1.478,-10.6967,1,-14.4844
1.478,1.479,-10.7112,1,-14.4942
1.479,1.48,-10.7257,1,-14.504
1.48,1.481,-10.7402,1,-14.5138
1.481,1.482,-10.7547,1,-14.5236
1.482,1.483,-10.7692,1,-14.5334
1.483,1.484,-10.7838,1,-14.5432
1.484,1.485,-10.7983,1,-14.553
1.485,1.486,-10.8129,1,-14.5628
1.486,1.487,-10.8274,1,-14.5726
1.487,1.488,-10.842,1,-14.5824
1.488,1.489,-10.8566,1,-14.5922
1.489,1.49,-10.8712,1,-14.602
1.49,1.491,-10.8858,1,-14.6118
1.491,1.492,-10.9004,1,-14.6216
1.492,1.493,-10.915,1,-14.6314
1.493,1.494,-10.9297,1,-14.6412
1.494,1.495,-10.9443,1,-14.651
1.495,1.496,-10.9589,1,-14.6608
1.496,1.497,-10.9736,1,-14.6706
1.497,1.498,-10.9883,1,-14.6804
1.498,1.499,-11.003,1,-14.6902
1.499,1.5,-11.0177,1,-14.7
1.5,1.501,-11.0324,1,-14.7098
1.501,1.502,-11.0471,1,-14.7196
1.502,1.503,-11.0618,1,-14.7294
1.503,1.504,-11.0765,1,-14.7392
1.504,1.505,-11.0912,1,-14.749
1.505,1.506,-11.106,1,-14.7588
1.506,1.507,-11.1208,1,-14.7686
1.507,1.508,-11.1355,1,-14.7784
1.508,1.509,-11.1503,1,-14.7882
1.509,1.51,-11.1651,1,-14.798
1.51,1.511,-11.1799,1,-14.8078
1.511,1.512,-11.1947,1,-14.8176
1.512,1.513,-11.2095,1,-14.8274
1.513,1.514,-11.2243,1,-14.8372
1.514,1.515,-11.2392,1,-14.847
1.515,1.516,-11.254,1,-14.8568
1.516,1.517,-11.2689,1,-14.8666
1.517,1.518,-11.2837,1,-14.8764
1.518,1.519,-11.2986,1,-14.8862
1.519,1.52,-11.3135,1,-14.896
1.52,1.521,-11.3284,1,-14.9058
1.521,1.522,-11.3433,1,-14.9156
1.522,1.523,-11.3582,1,-14.9254
1.523,1.524,-11.3732,1,-14.9352
1.524,1.525,-11.3881,1,-14.945
1.525,1.526,-11.403,1,-14.9548
1.526,1.527,-11.418,1,-14.9646
1.527,1.528,-11.433,1,-14.9744
1.528,1.529,-11.4479,1,-14.9842
1.529,1.53,-11.4629,1,-14.994
1.53,1.531,-11.4779,1,-15.0038
1.531,1.532,-11.4929,1,-15.0136
1.532,1.533,-11.5079,1,-15.0234
1.533,1.534,-11.5229,1,-15.0332
1.534,1.535,-11.538,1,-15.043
1.535,1.536,-11.553,1,-15.0528
1.536,1.537,-11.5681,1,-15.0626
1.537,1.538,-11.5831,1,-15.0724
1.538,1.539,-11.5982,1,-15.0822
1.539,1.54,-11.6133,1,-15.092
1.54,1.541,-11.6284,1,-15.1018
1.541,1.542,-11.6435,1,-15.1116
1.542,1.543,-11.6586,1,-15.1214
1.543,1.544,-11.6737,1,-15.1312
1.544,1.545,-11.6889,1,-15.141
1.545,1.546,-11.704,1,-15.1508
1.546,1.547,-11.7191,1,-15.1606
1.547,1.548,-11.7343,1,-15.1704
1.548,1.549,-11.7495,1,-15.1802
1.549,1.55,-11.7647,1,-15.19
1.55,1.551,-11.7798,1,-15.1998
1.551,1.552,-11.795,1,-15.2096
1.552,1.553,-11.8103,1,-15.2194
1.553,1.554,-11.8255,1,-15.2292
1.554,1.555,-11.8407,1,-15.239
1.555,1.556,-11.8559,1,-15.2488
1.556,1.557,-11.8712,1,-15.2586
1.557,1.558,-11.8864,1,-15.2684
1.558,1.559,-11.9017,1,-15.2782
1.559,1.56,-11.917,1,-15.288
1.56,1.561,-11.9323,1,-15.2978
1.561,1.562,-11.9476,1,-15.3076
1.562,1.563,-11.9629,1,-15.3174
1.563,1.564,-11.9782,1,-15.3272
1.564,1.565,-11.9935,1,-15.337
1.565,1.566,-12.0089,1,-15.3468
1.566,1.567,-12.0242,1,-15.3566
1.567,1.568,-12.0396,1,-15.3664
1.568,1.569,-12.0549,1,-15.3762
1.569,1.57,-12.0703,1,-15.386
1.57,1.571,-12.0857,1,-15.3958
1.571,1.572,-12.1011,1,-15.4056
1.572,1.573,-12.1165,1,-15.4154
1.573,1.574,-12.1319,1,-15.4252
1.574,1.575,-12.1473,1,-15.435
1.575,1.576,-12.1628,1,-15.4448
1.576,1.577,-12.1782,1,-15.4546
1.577,1.578,-12.1937,1,-15.4644
1.578,1.579,-12.2091,1,-15.4742
1.579,1.58,-12.2246,1,-15.484
1.58,1.581,-12.2401,1,-15.4938
1.581,1.582,-12.2556,1,-15.5036
1.582,1.583,-12.2711,1,-15.5134
1.583,1.584,-12.2866,1,-15.5232
1.584,1.585,-12.3021,1,-15.533
1.585,1.586,-12.3177,1,-15.5428
1.586,1.587,-12.3332,1,-15.5526
1.587,1.588,-12.3488,1,-15.5624
1.588,1.589,-12.3643,1,-15.5722
1.589,1.59,-12.3799,1,-15.582
1.59,1.591,-12.3955,1,-15.5918
1.591,1.592,-12.4111,1,-15.6016
1.592,1.593,-12.4267,1,-15.6114
1.593,1.594,-12.4423,1,-15.6212
1.594,1.595,-12.4579,1,-15.631
1.595,1.596,-12.4735,1,-15.6408
1.596,1.597,-12.4892,1,-15.6506
1.597,1.598,-12.5048,1,-15.6604
1.598,1.599,-12.5205,1,-15.6702
1.599,1.6,-12.5362,1,-15.68
1.6,1.601,-12.5518,1,-15.6898
1.601,1.602,-12.5675,1,-15.6996
1.602,1.603,-12.5832,1,-15.7094
1.603,1.604,-12.5989,1,-15.7192
1.604,1.605,-12.6147,1,-15.729
1.605,1.606,-12.6304,1,-15.7388
1.606,1.607,-12.6461,1,-15.7486
1.607,1.608,-12.6619,1,-15.7584
1.608,1.609,-12.6776,1,-15.7682
1.609,1.61,-12.6934,1,-15.778
1.61,1.611,-12.7092,1,-15.7878
1.611,1.612,-12.725,1,-15.7976
1.612,1.613,-12.7408,1,-15.8074
1.613,1.614,-12.7566,1,-15.8172
1.614,1.615,-12.7724,1,-15.827
1.615,1.616,-12.7882,1,-15.8368
1.616,1.617,-12.8041,1,-15.8466
1.617,1.618,-12.8199,1,-15.8564
1.618,1.619,-12.8358,1,-15.8662
1.619,1.62,-12.8516,1,-15.876
1.62,1.621,-12.8675,1,-15.8858
1.621,1.622,-12.8834,1,-15.8956
1.622,1.623,-12.8993,1,-15.9054
1.623,1.624,-12.9152,1,-15.9152
1.624,1.625,-12.9311,1,-15.925
1.625,1.626,-12.947,1,-15.9348
1.626,1.627,-12.963,1,-15.9446
1.627,1.628,-12.9789,1,-15.9544
1.628,1.629,-12.9949,1,-15.9642
1.629,1.63,-13.0108,1,-15.974
1.63,1.631,-13.0268,1,-15.9838
1.631,1.632,-13.0428,1,-15.9936
1.632,1.633,-13.0588,1,-16.0034
1.633,1.634,-13.0748,1,-16.0132
1.634,1.635,-13.0908,1,-16.023
1.635,1.636,-13.1068,1,-16.0328
1.636,1.637,-13.1228,1,-16.0426
1.637,1.638,-13.1389,1,-16.0524
1.638,1.639,-13.1549,1,-16.0622
1.639,1.64,-13.171,1,-16.072
1.64,1.641,-13.1871,1,-16.0818
1.641,1.642,-13.2032,1,-16.0916
1.642,1.643,-13.2192,1,-16.1014
1.643,1.644,-13.2354,1,-16.1112
1.644,1.645,-13.2515,1,-16.121
1.645,1.646,-13.2676,1,-16.1308
1.646,1.647,-13.2837,1,-16.1406
1.647,1.648,-13.2999,1,-16.1504
1.648,1.649,-13.316,1,-16.1602
1.649,1.65,-13.3322,1,-16.17
1.65,1.651,-13.3483,1,-16.1798
1.651,1.652,-13.3645,1,-16.1896
1.652,1.653,-13.3807,1,-16.1994
1.653,1.654,-13.3969,1,-16.2092
1.654,1.655,-13.4131,1,-16.219
1.655,1.656,-13.4293,1,-16.2288
1.656,1.657,-13.4456,1,-16.2386
1.657,1.658,-13.4618,1,-16.2484
1.658,1.659,-13.478,1,-16.2582
1.659,1.66,-13.4943,1,-16.268
1.66,1.661,-13.5106,1,-16.2778
1.661,1.662,-13.5269,1,-16.2876
1.662,1.663,-13.5431,1,-16.2974
1.663,1.664,-13.5594,1,-16.3072
1.664,1.665,-13.5757,1,-16.317
1.665,1.666,-13.5921,1,-16.3268
1.666,1.667,-13.6084,1,-16.3366
1.667,1.668,-13.6247,1,-16.3464
1.668,1.669,-13.6411,1,-16.3562
1.669,1.67,-13.6574,1,-16.366
1.67,1.671,-13.6738,1,-16.3758
1.671,1.672,-13.6902,1,-16.3856
1.672,1.673,-13.7066,1,-16.3954
1.673,1.674,-13.7229,1,-16.4052
1.674,1.675,-13.7394,1,-16.415
1.675,1.676,-13.7558,1,-16.4248
1.676,1.677,-13.7722,1,-16.4346
1.677,1.678,-13.7886,1,-16.4444
1.678,1.679,-13.8051,1,-16.4542
1.679,1.68,-13.8215,1,-16.464
1.68,1.681,-13.838,1,-16.4738
1.681,1.682,-13.8545,1,-16.4836
1.682,1.683,-13.8709,1,-16.4934
1.683,1.684,-13.8874,1,-16.5032
1.684,1.685,-13.9039,1,-16.513
1.685,1.686,-13.9205,1,-16.5228
1.686,1.687,-13.937,1,-16.5326
1.687,1.688,-13.9535,1,-16.5424
1.688,1.689,-13.9701,1,-16.5522
1.689,1.69,-13.9866,1,-16.562
1.69,1.691,-14.0032,1,-16.5718
1.691,1.692,-14.0197,1,-16.5816
1.692,1.693,-14.0363,1,-16.5914
1.693,1.694,-14.0529,1,-16.6012
1.694,1.695,-14.0695,1,-16.611
1.695,1.696,-14.0861,1,-16.6208
1.696,1.697,-14.1027,1,-16.6306
1.697,1.698,-14.1194,1,-16.6404
1.698,1.699,-14.136,1,-16.6502
1.699,1.7,-14.1527,1,-16.66
1.7,1.701,-14.1693,1,-16.6698
1.701,1.702,-14.186,1,-16.6796
1.702,1.703,-14.2027,1,-16.6894
1.703,1.704,-14.2194,1,-16.6992
1.704,1.705,-14.2361,1,-16.709
1.705,1.706,-14.2528,1,-16.7188
1.706,1.707,-14.2695,1,-16.7286
1.707,1.708,-14.2862,1,-16.7384
1.708,1.709,-14.303,1,-16.7482
1.709,1.71,-14.3197,1,-16.758
1.71,1.711,-14.3365,1,-16.7678
1.711,1.712,-14.3532,1,-16.7776
1.712,1.713,-14.37,1,-16.7874
1.713,1.714,-14.3868,1,-16.7972
1.714,1.715,-14.4036,1,-16.807
1.715,1.716,-14.4204,1,-16.8168
1.716,1.717,-14.4372,1,-16.8266
1.717,1.718,-14.454,1,-16.8364
1.718,1.719,-14.4709,1,-16.8462
1.719,1.72,-14.4877,1,-16.856
1.72,1.721,-14.5046,1,-16.8658
1.721,1.722,-14.5215,1,-16.8756
1.722,1.723,-14.5383,1,-16.8854
1.723,1.724,-14.5552,1,-16.8952
1.724,1.725,-14.5721,1,-16.905
1.725,1.726,-14.589,1,-16.9148
1.726,1.727,-14.6059,1,-16.9246
1.727,1.728,-14.6229,1,-16.9344
1.728,1.729,-14.6398,1,-16.9442
1.729,1.73,-14.6567,1,-16.954
1.73,1.731,-14.6737,1,-16.9638
1.731,1.732,-14.6907,1,-16.9736
1.732,1.733,-14.7076,1,-16.9834
1.733,1.734,-14.7246,1,-16.9932
1.734,1.735,-14.7416,1,-17.003
1.735,1.736,-14.7586,1,-17.0128
1.736,1.737,-14.7756,1,-17.0226
1.737,1.738,-14.7926,1,-17.0324
1.738,1.739,-14.8097,1,-17.0422
1.739,1.74,-14.8267,1,-17.052
1.74,1.741,-14.8438,1,-17.0618
1.741,1.742,-14.8608,1,-17.0716
1.742,1.743,-14.8779,1,-17.0814
1.743,1.744,-14.895,1,-17.0912
1.744,1.745,-14.9121,1,-17.101
1.745,1.746,-14.9292,1,-17.1108
1.746,1.747,-14.9463,1,-17.1206
1.747,1.748,-14.9634,1,-17.1304
1.748,1.749,-14.9805,1,-17.1402
1.749,1.75,-14.9977,1,-17.15
1.75,1.751,-15.0148,1,-17.1598
1.751,1.752,-15.032,1,-17.1696
1.752,1.753,-15.0492,1,-17.1794
1.753,1.754,-15.0663,1,-17.1892
1.754,1.755,-15.0835,1,-17.199
1.755,1.756,-15.1007,1,-17.2088
1.756,1.757,-15.1179,1,-17.2186
1.757,1.758,-15.1351,1,-17.2284
1.758,1.759,-15.1524,1,-17.2382
1.759,1.76,-15.1696,1,-17.248
1.76,1.761,-15.1869,1,-17.2578
1.761,1.762,-15.2041,1,-17.2676
1.762,1.763,-15.2214,1,-17.2774
1.763,1.764,-15.2387,1,-17.2872
1.764,1.765,-15.256,1,-17.297
1.765,1.766,-15.2733,1,-17.3068
1.766,1.767,-15.2906,1,-17.3166
1.767,1.768,-15.3079,1,-17.3264
1.768,1.769,-15.3252,1,-17.3362
1.769,1.77,-15.3425,1,-17.346
1.77,1.771,-15.3599,1,-17.3558
1.771,1.772,-15.3772,1,-17.3656
1.772,1.773,-15.3946,1,-17.3754
1.773,1.774,-15.412,1,-17.3852
1.774,1.775,-15.4294,1,-17.395
1.775,1.776,-15.4468,1,-17.4048
1.776,1.777,-15.4642,1,-17.4146
1.777,1.778,-15.4816,1,-17.4244
1.778,1.779,-15.499,1,-17.4342
1.779,1.78,-15.5164,1,-17.444
1.78,1.781,-15.5339,1,-17.4538
1.781,1.782,-15.5513,1,-17.4636
1.782,1.783,-15.5688,1,-17.4734
1.783,1.784,-15.5863,1,-17.4832
1.784,1.785,-15.6038,1,-17.493
1.785,1.786,-15.6212,1,-17.5028
1.786,1.787,-15.6388,1,-17.5126
1.787,1.788,-15.6563,1,-17.5224
1.788,1.789,-15.6738,1,-17.5322
1.789,1.79,-15.6913,1,-17.542
1.79,1.791,-15.7089,1,-17.5518
1.791,1.792,-15.7264,1,-17.5616
1.792,1.793,-15.744,1,-17.5714
1.793,1.794,-15.7615,1,-17.5812
1.794,1.795,-15.7791,1,-17.591
1.795,1.796,-15.7967,1,-17.6008
1.796,1.797,-15.8143,1,-17.6106
1.797,1.798,-15.8319,1,-17.6204
1.798,1.799,-15.8495,1,-17.6302
1.799,1.8,-15.8672,1,-17.64
1.8,1.801,-15.8848,1,-17.6498
1.801,1.802,-15.9025,1,-17.6596
1.802,1.803,-15.9201,1,-17.6694
1.803,1.804,-15.9378,1,-17.6792
1.804,1.805,-15.9555,1,-17.689
1.805,1.806,-15.9732,1,-17.6988
1.806,1.807,-15.9909,1,-17.7086
1.807,1.808,-16.0086,1,-17.7184
1.808,1.809,-16.0263,1,-17.7282
1.809,1.81,-16.044,1,-17.738
1.81,1.811,-16.0618,1,-17.7478
1.811,1.812,-16.0795,1,-17.7576
1.812,1.813,-16.0973,1,-17.7674
1.813,1.814,-16.115,1,-17.7772
1.814,1.815,-16.1328,1,-17.787
1.815,1.816,-16.1506,1,-17.7968
1.816,1.817,-16.1684,1,-17.8066
1.817,1.818,-16.1862,1,-17.8164
1.818,1.819,-16.204,1,-17.8262
1.819,1.82,-16.2218,1,-17.836
1.82,1.821,-16.2397,1,-17.8458
1.821,1.822,-16.2575,1,-17.8556
1.822,1.823,-16.2754,1,-17.8654
1.823,1.824,-16.2932,1,-17.8752
1.824,1.825,-16.3111,1,-17.885
1.825,1.826,-16.329,1,-17.8948
1.826,1.827,-16.3469,1,-17.9046
1.827,1.828,-16.3648,1,-17.9144
1.828,1.829,-16.3827,1,-17.9242
1.829,1.83,-16.4006,1,-17.934
1.83,1.831,-16.4186,1,-17.9438
1.831,1.832,-16.4365,1,-17.9536
1.832,1.833,-16.4545,1,-17.9634
1.833,1.834,-16.4724,1,-17.9732
1.834,1.835,-16.4904,1,-17.983
1.835,1.836,-16.5084,1,-17.9928
1.836,1.837,-16.5264,1,-18.0026
1.837,1.838,-16.5444,1,-18.0124
1.838,1.839,-16.5624,1,-18.0222
1.839,1.84,-16.5804,1,-18.032
1.84,1.841,-16.5985,1,-18.0418
1.841,1.842,-16.6165,1,-18.0516
1.842,1.843,-16.6345,1,-18.0614
1.843,1.844,-16.6526,1,-18.0712
1.844,1.845,-16.6707,1,-18.081
1.845,1.846,-16.6888,1,-18.0908
1.846,1.847,-16.7069,1,-18.1006
1.847,1.848,-16.725,1,-18.1104
1.848,1.849,-16.7431,1,-18.1202
1.849,1.85,-16.7612,1,-18.13
1.85,1.851,-16.7793,1,-18.1398
1.851,1.852,-16.7975,1,-18.1496
1.852,1.853,-16.8156,1,-18.1594
1.853,1.854,-16.8338,1,-18.1692
1.854,1.855,-16.8519,1,-18.179
1.855,1.856,-16.8701,1,-18.1888
1.856,1.857,-16.8883,1,-18.1986
1.857,1.858,-16.9065,1,-18.2084
1.858,1.859,-16.9247,1,-18.2182
1.859,1.86,-16.9429,1,-18.228
1.86,1.861,-16.9612,1,-18.2378
1.861,1.862,-16.9794,1,-18.2476
1.862,1.863,-16.9976,1,-18.2574
1.863,1.864,-17.0159,1,-18.2672
1.864,1.865,-17.0342,1,-18.277
1.865,1.866,-17.0524,1,-18.2868
1.866,1.867,-17.0707,1,-18.2966
1.867,1.868,-17.089,1,-18.3064
1.868,1.869,-17.1073,1,-18.3162
1.869,1.87,-17.1256,1,-18.326
1.87,1.871,-17.144,1,-18.3358
1.871,1.872,-17.1623,1,-18.3456
1.872,1.873,-17.1807,1,-18.3554
1.873,1.874,-17.199,1,-18.3652
1.874,1.875,-17.2174,1,-18.375
1.875,1.876,-17.2358,1,-18.3848
1.876,1.877,-17.2541,1,-18.3946
1.877,1.878,-17.2725,1,-18.4044
1.878,1.879,-17.2909,1,-18.4142
1.879,1.88,-17.3093,1,-18.424
1.88,1.881,-17.3278,1,-18.4338
1.881,1.882,-17.3462,1,-18.4436
1.882,1.883,-17.3646,1,-18.4534
1.883,1.884,-17.3831,1,-18.4632
1.884,1.885,-17.4016,1,-18.473
1.885,1.886,-17.42,1,-18.4828
1.886,1.887,-17.4385,1,-18.4926
1.887,1.888,-17.457,1,-18.5024
1.888,1.889,-17.4755,1,-18.5122
1.889,1.89,-17.494,1,-18.522
1.89,1.891,-17.5126,1,-18.5318
1.891,1.892,-17.5311,1,-18.5416
1.892,1.893,-17.5496,1,-18.5514
1.893,1.894,-17.5682,1,-18.5612
1.894,1.895,-17.5867,1,-18.571
1.895,1.896,-17.6053,1,-18.5808
1.896,1.897,-17.6239,1,-18.5906
1.897,1.898,-17.6425,1,-18.6004
1.898,1.899,-17.6611,1,-18.6102
1.899,1.9,-17.6797,1,-18.62
1.9,1.901,-17.6983,1,-18.6298
1.901,1.902,-17.7169,1,-18.6396
1.902,1.903,-17.7356,1,-18.6494
1.903,1.904,-17.7542,1,-18.6592
1.904,1.905,-17.7729,1,-18.669
1.905,1.906,-17.7916,1,-18.6788
1.906,1.907,-17.8102,1,-18.6886
1.907,1.908,-17.8289,1,-18.6984
1.908,1.909,-17.8476,1,-18.7082
1.909,1.91,-17.8663,1,-18.718
1.91,1.911,-17.885,1,-18.7278
1.911,1.912,-17.9038,1,-18.7376
1.912,1.913,-17.9225,1,-18.7474
1.913,1.914,-17.9413,1,-18.7572
1.914,1.915,-17.96,1,-18.767
1.915,1.916,-17.9788,1,-18.7768
1.916,1.917,-17.9976,1,-18.7866
1.917,1.918,-18.0163,1,-18.7964
1.918,1.919,-18.0351,1,-18.8062
1.919,1.92,-18.054,1,-18.816
1.92,1.921,-18.0728,1,-18.8258
1.921,1.922,-18.0916,1,-18.8356
1.922,1.923,-18.1104,1,-18.8454
1.923,1.924,-18.1293,1,-18.8552
1.924,1.925,-18.1481,1,-18.865
1.925,1.926,-18.167,1,-18.8748
1.926,1.927,-18.1859,1,-18.8846
1.927,1.928,-18.2048,1,-18.8944
1.928,1.929,-18.2236,1,-18.9042
1.929,1.93,-18.2426,1,-18.914
1.93,1.931,-18.2615,1,-18.9238
1.931,1.932,-18.2804,1,-18.9336
1.932,1.933,-18.2993,1,-18.9434
1.933,1.934,-18.3183,1,-18.9532
1.934,1.935,-18.3372,1,-18.963
1.935,1.936,-18.3562,1,-18.9728
1.936,1.937,-18.3752,1,-18.9826
1.937,1.938,-18.3941,1,-18.9924
1.938,1.939,-18.4131,1,-19.0022
1.939,1.94,-18.4321,1,-19.012
1.94,1.941,-18.4511,1,-19.0218
1.941,1.942,-18.4702,1,-19.0316
1.942,1.943,-18.4892,1,-19.0414
1.943,1.944,-18.5082,1,-19.0512
1.944,1.945,-18.5273,1,-19.061
1.945,1.946,-18.5464,1,-19.0708
1.946,1.947,-18.5654,1,-19.0806
1.947,1.948,-18.5845,1,-19.0904
1.948,1.949,-18.6036,1,-19.1002
1.949,1.95,-18.6227,1,-19.11
1.95,1.951,-18.6418,1,-19.1198
1.951,1.952,-18.6609,1,-19.1296
1.952,1.953,-18.6801,1,-19.1394
1.953,1.954,-18.6992,1,-19.1492
1.954,1.955,-18.7183,1,-19.159
1.955,1.956,-18.7375,1,-19.1688
1.956,1.957,-18.7567,1,-19.1786
1.957,1.958,-18.7758,1,-19.1884
1.958,1.959,-18.795,1,-19.1982
1.959,1.96,-18.8142,1,-19.208
1.96,1.961,-18.8334,1,-19.2178
1.961,1.962,-18.8527,1,-19.2276
1.962,1.963,-18.8719,1,-19.2374
1.963,1.964,-18.8911,1,-19.2472
1.964,1.965,-18.9104,1,-19.257
1.965,1.966,-18.9296,1,-19.2668
1.966,1.967,-18.9489,1,-19.2766
1.967,1.968,-18.9682,1,-19.2864
1.968,1.969,-18.9875,1,-19.2962
1.969,1.97,-19.0068,1,-19.306
1.97,1.971,-19.0261,1,-19.3158
1.971,1.972,-19.0454,1,-19.3256
1.972,1.973,-19.0647,1,-19.3354
1.973,1.974,-19.084,1,-19.3452
1.974,1.975,-19.1034,1,-19.355
1.975,1.976,-19.1227,1,-19.3648
1.976,1.977,-19.1421,1,-19.3746
1.977,1.978,-19.1615,1,-19.3844
1.978,1.979,-19.1809,1,-19.3942
1.979,1.98,-19.2003,1,-19.404
1.98,1.981,-19.2197,1,-19.4138
1.981,1.982,-19.2391,1,-19.4236
1.982,1.983,-19.2585,1,-19.4334
1.983,1.984,-19.2779,1,-19.4432
1.984,1.985,-19.2974,1,-19.453
1.985,1.986,-19.3168,1,-19.4628
1.986,1.987,-19.3363,1,-19.4726
1.987,1.988,-19.3558,1,-19.4824
1.988,1.989,-19.3752,1,-19.4922
1.989,1.99,-19.3947,1,-19.502
1.99,1.991,-19.4142,1,-19.5118
1.991,1.992,-19.4338,1,-19.5216
1.992,1.993,-19.4533,1,-19.5314
1.993,1.994,-19.4728,1,-19.5412
1.994,1.995,-19.4923,1,-19.551
1.995,1.996,-19.5119,1,-19.5608
1.996,1.997,-19.5315,1,-19.5706
1.997,1.998,-19.551,1,-19.5804
1.998,1.999,-19.5706,1,-19.5902
1.999,2,-19.5902,1,-19.6
2,2.001,-19.6098,1,-19.6098
2.001,2.002,-19.6294,1,-19.6196
2.002,2.003,-19.649,1,-19.6294
2.003,2.004,-19.6687,1,-19.6392
2.004,2.005,-19.6883,1,-19.649
2.005,2.006,-19.7079,1,-19.6588
2.006,2.007,-19.7276,1,-19.6686
2.007,2.008,-19.7473,1,-19.6784
2.008,2.009,-19.767,1,-19.6882
2.009,2.01,-19.7866,1,-19.698
2.01,2.011,-19.8063,1,-19.7078
2.011,2.012,-19.826,1,-19.7176
2.012,2.013,-19.8458,1,-19.7274
2.013,2.014,-19.8655,1,-19.7372
2.014,2.015,-19.8852,1,-19.747
2.015,2.016,-19.905,1,-19.7568
2.016,2.017,-19.9247,1,-19.7666
2.017,2.018,-19.9445,1,-19.7764
2.018,2.019,-19.9643,1,-19.7862
2.019,2.02,-19.9841,1,-19.796
2.02,2.021,-20.0039,1,-19.8058
2.021,2.022,-20.0237,1,-19.8156
2.022,2.023,-20.0435,1,-19.8254
2.023,2.024,-20.0633,1,-19.8352
2.024,2.025,-20.0831,1,-19.845
2.025,2.026,-20.103,1,-19.8548
2.026,2.027,-20.1228,1,-19.8646
2.027,2.028,-20.1427,1,-19.8744
2.028,2.029,-20.1626,1,-19.8842
2.029,2.03,-20.1825,1,-19.894
2.03,2.031,-20.2024,1,-19.9038
2.031,2.032,-20.2223,1,-19.9136
2.032,2.033,-20.2422,1,-19.9234
2.033,2.034,-20.2621,1,-19.9332
2.034,2.035,-20.282,1,-19.943
2.035,2.036,-20.302,1,-19.9528
2.036,2.037,-20.3219,1,-19.9626
2.037,2.038,-20.3419,1,-19.9724
2.038,2.039,-20.3619,1,-19.9822
2.039,2.04,-20.3818,1,-19.992
2.04,2.041,-20.4018,1,-20.0018
2.041,2.042,-20.4218,1,-20.0116
2.042,2.043,-20.4418,1,-20.0214
2.043,2.044,-20.4619,1,-20.0312
2.044,2.045,-20.4819,1,-20.041
2.045,2.046,-20.5019,1,-20.0508
2.046,2.047,-20.522,1,-20.0606
2.047,2.048,-20.5421,1,-20.0704
2.048,2.049,-20.5621,1,-20.0802
2.049,2.05,-20.5822,1,-20.09
2.05,2.051,-20.6023,1,-20.0998
2.051,2.052,-20.6224,1,-20.1096
2.052,2.053,-20.6425,1,-20.1194
2.053,2.054,-20.6626,1,-20.1292
2.054,2.055,-20.6828,1,-20.139
2.055,2.056,-20.7029,1,-20.1488
2.056,2.057,-20.723,1,-20.1586
2.057,2.058,-20.7432,1,-20.1684
2.058,2.059,-20.7634,1,-20.1782
2.059,2.06,-20.7835,1,-20.188
2.06,2.061,-20.8037,1,-20.1978
2.061,2.062,-20.8239,1,-20.2076
2.062,2.063,-20.8441,1,-20.2174
2.063,2.064,-20.8644,1,-20.2272
2.064,2.065,-20.8846,1,-20.237
2.065,2.066,-20.9048,1,-20.2468
2.066,2.067,-20.9251,1,-20.2566
2.067,2.068,-20.9453,1,-20.2664
2.068,2.069,-20.9656,1,-20.2762
2.069,2.07,-20.9859,1,-20.286
2.07,2.071,-21.0062,1,-20.2958
2.071,2.072,-21.0264,1,-20.3056
2.072,2.073,-21.0468,1,-20.3154
2.073,2.074,-21.0671,1,-20.3252
2.074,2.075,-21.0874,1,-20.335
2.075,2.076,-21.1077,1,-20.3448
2.076,2.077,-21.1281,1,-20.3546
2.077,2.078,-21.1484,1,-20.3644
2.078,2.079,-21.1688,1,-20.3742
2.079,2.08,-21.1892,1,-20.384
2.08,2.081,-21.2096,1,-20.3938
2.081,2.082,-21.2299,1,-20.4036
2.082,2.083,-21.2503,1,-20.4134
2.083,2.084,-21.2708,1,-20.4232
2.084,2.085,-21.2912,1,-20.433
2.085,2.086,-21.3116,1,-20.4428
2.086,2.087,-21.3321,1,-20.4526
2.087,2.088,-21.3525,1,-20.4624
2.088,2.089,-21.373,1,-20.4722
2.089,2.09,-21.3934,1,-20.482
2.09,2.091,-21.4139,1,-20.4918
2.091,2.092,-21.4344,1,-20.5016
2.092,2.093,-21.4549,1,-20.5114
2.093,2.094,-21.4754,1,-20.5212
2.094,2.095,-21.496,1,-20.531
2.095,2.096,-21.5165,1,-20.5408
2.096,2.097,-21.537,1,-20.5506
2.097,2.098,-21.5576,1,-20.5604
2.098,2.099,-21.5781,1,-20.5702
2.099,2.1,-21.5987,1,-20.58
2.1,2.101,-21.6193,1,-20.5898
2.101,2.102,-21.6399,1,-20.5996
2.102,2.103,-21.6605,1,-20.6094
2.103,2.104,-21.6811,1,-20.6192
2.104,2.105,-21.7017,1,-20.629
2.105,2.106,-21.7223,1,-20.6388
2.106,2.107,-21.743,1,-20.6486
2.107,2.108,-21.7636,1,-20.6584
2.108,2.109,-21.7843,1,-20.6682
2.109,2.11,-21.805,1,-20.678
2.11,2.111,-21.8256,1,-20.6878
2.111,2.112,-21.8463,1,-20.6976
2.112,2.113,-21.867,1,-20.7074
2.113,2.114,-21.8877,1,-20.7172
2.114,2.115,-21.9084,1,-20.727
2.115,2.116,-21.9292,1,-20.7368
2.116,2.117,-21.9499,1,-20.7466
2.117,2.118,-21.9706,1,-20.7564
2.118,2.119,-21.9914,1,-20.7662
2.119,2.12,-22.0122,1,-20.776
2.12,2.121,-22.0329,1,-20.7858
2.121,2.122,-22.0537,1,-20.7956
2.122,2.123,-22.0745,1,-20.8054
2.123,2.124,-22.0953,1,-20.8152
2.124,2.125,-22.1162,1,-20.825
2.125,2.126,-22.137,1,-20.8348
2.126,2.127,-22.1578,1,-20.8446
2.127,2.128,-22.1787,1,-20.8544
2.128,2.129,-22.1995,1,-20.8642
2.129,2.13,-22.2204,1,-20.874
2.13,2.131,-22.2412,1,-20.8838
2.131,2.132,-22.2621,1,-20.8936
2.132,2.133,-22.283,1,-20.9034
2.133,2.134,-22.3039,1,-20.9132
2.134,2.135,-22.3248,1,-20.923
2.135,2.136,-22.3458,1,-20.9328
2.136,2.137,-22.3667,1,-20.9426
2.137,2.138,-22.3876,1,-20.9524
2.138,2.139,-22.4086,1,-20.9622
2.139,2.14,-22.4296,1,-20.972
2.14,2.141,-22.4505,1,-20.9818
2.141,2.142,-22.4715,1,-20.9916
2.142,2.143,-22.4925,1,-21.0014
2.143,2.144,-22.5135,1,-21.0112
2.144,2.145,-22.5345,1,-21.021
2.145,2.146,-22.5555,1,-21.0308
2.146,2.147,-22.5766,1,-21.0406
2.147,2.148,-22.5976,1,-21.0504
2.148,2.149,-22.6187,1,-21.0602
2.149,2.15,-22.6397,1,-21.07
2.15,2.151,-22.6608,1,-21.0798
2.151,2.152,-22.6819,1,-21.0896
2.152,2.153,-22.703,1,-21.0994
2.153,2.154,-22.7241,1,-21.1092
2.154,2.155,-22.7452,1,-21.119
2.155,2.156,-22.7663,1,-21.1288
2.156,2.157,-22.7874,1,-21.1386
2.157,2.158,-22.8085,1,-21.1484
2.158,2.159,-22.8297,1,-21.1582
2.159,2.16,-22.8509,1,-21.168
2.16,2.161,-22.872,1,-21.1778
2.161,2.162,-22.8932,1,-21.1876
2.162,2.163,-22.9144,1,-21.1974
2.163,2.164,-22.9356,1,-21.2072
2.164,2.165,-22.9568,1,-21.217
2.165,2.166,-22.978,1,-21.2268
2.166,2.167,-22.9992,1,-21.2366
2.167,2.168,-23.0205,1,-21.2464
2.168,2.169,-23.0417,1,-21.2562
2.169,2.17,-23.063,1,-21.266
2.17,2.171,-23.0842,1,-21.2758
2.171,2.172,-23.1055,1,-21.2856
2.172,2.173,-23.1268,1,-21.2954
2.173,2.174,-23.1481,1,-21.3052
2.174,2.175,-23.1694,1,-21.315
2.175,2.176,-23.1907,1,-21.3248
2.176,2.177,-23.212,1,-21.3346
2.177,2.178,-23.2334,1,-21.3444
2.178,2.179,-23.2547,1,-21.3542
2.179,2.18,-23.2761,1,-21.364
2.18,2.181,-23.2974,1,-21.3738
2.181,2.182,-23.3188,1,-21.3836
2.182,2.183,-23.3402,1,-21.3934
2.183,2.184,-23.3616,1,-21.4032
2.184,2.185,-23.383,1,-21.413
2.185,2.186,-23.4044,1,-21.4228
2.186,2.187,-23.4258,1,-21.4326
2.187,2.188,-23.4473,1,-21.4424
2.188,2.189,-23.4687,1,-21.4522
2.189,2.19,-23.4902,1,-21.462
2.19,2.191,-23.5116,1,-21.4718
2.191,2.192,-23.5331,1,-21.4816
2.192,2.193,-23.5546,1,-21.4914
2.193,2.194,-23.5761,1,-21.5012
2.194,2.195,-23.5976,1,-21.511
2.195,2.196,-23.6191,1,-21.5208
2.196,2.197,-23.6406,1,-21.5306
2.197,2.198,-23.6621,1,-21.5404
2.198,2.199,-23.6837,1,-21.5502
2.199,2.2,-23.7052,1,-21.56
2.2,2.201,-23.7268,1,-21.5698
2.201,2.202,-23.7483,1,-21.5796
2.202,2.203,-23.7699,1,-21.5894
2.203,2.204,-23.7915,1,-21.5992
2.204,2.205,-23.8131,1,-21.609
2.205,2.206,-23.8347,1,-21.6188
2.206,2.207,-23.8563,1,-21.6286
2.207,2.208,-23.878,1,-21.6384
2.208,2.209,-23.8996,1,-21.6482
2.209,2.21,-23.9213,1,-21.658
2.21,2.211,-23.9429,1,-21.6678
2.211,2.212,-23.9646,1,-21.6776
2.212,2.213,-23.9863,1,-21.6874
2.213,2.214,-24.008,1,-21.6972
2.214,2.215,-24.0296,1,-21.707
2.215,2.216,-24.0514,1,-21.7168
2.216,2.217,-24.0731,1,-21.7266
2.217,2.218,-24.0948,1,-21.7364
2.218,2.219,-24.1165,1,-21.7462
2.219,2.22,-24.1383,1,-21.756
2.22,2.221,-24.16,1,-21.7658
2.221,2.222,-24.1818,1,-21.7756
2.222,2.223,-24.2036,1,-21.7854
2.223,2.224,-24.2254,1,-21.7952
2.224,2.225,-24.2472,1,-21.805
2.225,2.226,-24.269,1,-21.8148
2.226,2.227,-24.2908,1,-21.8246
2.227,2.228,-24.3126,1,-21.8344
2.228,2.229,-24.3344,1,-21.8442
2.229,2.23,-24.3563,1,-21.854
2.23,2.231,-24.3781,1,-21.8638
2.231,2.232,-24.4,1,-21.8736
2.232,2.233,-24.4219,1,-21.8834
2.233,2.234,-24.4438,1,-21.8932
2.234,2.235,-24.4657,1,-21.903
2.235,2.236,-24.4876,1,-21.9128
2.236,2.237,-24.5095,1,-21.9226
2.237,2.238,-24.5314,1,-21.9324
2.238,2.239,-24.5533,1,-21.9422
2.239,2.24,-24.5753,1,-21.952
2.24,2.241,-24.5972,1,-21.9618
2.241,2.242,-24.6192,1,-21.9716
2.242,2.243,-24.6411,1,-21.9814
2.243,2.244,-24.6631,1,-21.9912
2.244,2.245,-24.6851,1,-22.001
2.245,2.246,-24.7071,1,-22.0108
2.246,2.247,-24.7291,1,-22.0206
2.247,2.248,-24.7512,1,-22.0304
2.248,2.249,-24.7732,1,-22.0402
2.249,2.25,-24.7952,1,-22.05
2.25,2.251,-24.8173,1,-22.0598
2.251,2.252,-24.8393,1,-22.0696
2.252,2.253,-24.8614,1,-22.0794
2.253,2.254,-24.8835,1,-22.0892
2.254,2.255,-24.9056,1,-22.099
2.255,2.256,-24.9277,1,-22.1088
2.256,2.257,-24.9498,1,-22.1186
2.257,2.258,-24.9719,1,-22.1284
2.258,2.259,-24.994,1,-22.1382
2.259,2.26,-25.0162,1,-22.148
2.26,2.261,-25.0383,1,-22.1578
2.261,2.262,-25.0605,1,-22.1676
2.262,2.263,-25.0826,1,-22.1774
2.263,2.264,-25.1048,1,-22.1872
2.264,2.265,-25.127,1,-22.197
2.265,2.266,-25.1492,1,-22.2068
2.266,2.267,-25.1714,1,-22.2166
2.267,2.268,-25.1936,1,-22.2264
2.268,2.269,-25.2159,1,-22.2362
2.269,2.27,-25.2381,1,-22.246
2.27,2.271,-25.2603,1,-22.2558
2.271,2.272,-25.2826,1,-22.2656
2.272,2.273,-25.3049,1,-22.2754
2.273,2.274,-25.3271,1,-22.2852
2.274,2.275,-25.3494,1,-22.295
2.275,2.276,-25.3717,1,-22.3048
2.276,2.277,-25.394,1,-22.3146
2.277,2.278,-25.4163,1,-22.3244
2.278,2.279,-25.4387,1,-22.3342
2.279,2.28,-25.461,1,-22.344
2.28,2.281,-25.4833,1,-22.3538
2.281,2.282,-25.5057,1,-22.3636
2.282,2.283,-25.528,1,-22.3734
2.283,2.284,-25.5504,1,-22.3832
2.284,2.285,-25.5728,1,-22.393
2.285,2.286,-25.5952,1,-22.4028
2.286,2.287,-25.6176,1,-22.4126
2.287,2.288,-25.64,1,-22.4224
2.288,2.289,-25.6624,1,-22.4322
2.289,2.29,-25.6849,1,-22.442
2.29,2.291,-25.7073,1,-22.4518
2.291,2.292,-25.7298,1,-22.4616
2.292,2.293,-25.7522,1,-22.4714
2.293,2.294,-25.7747,1,-22.4812
2.294,2.295,-25.7972,1,-22.491
2.295,2.296,-25.8197,1,-22.5008
2.296,2.297,-25.8422,1,-22.5106
2.297,2.298,-25.8647,1,-22.5204
2.298,2.299,-25.8872,1,-22.5302
2.299,2.3,-25.9097,1,-22.54
2.3,2.301,-25.9323,1,-22.5498
2.301,2.302,-25.9548,1,-22.5596
2.302,2.303,-25.9774,1,-22.5694
2.303,2.304,-25.9999,1,-22.5792
2.304,2.305,-26.0225,1,-22.589
2.305,2.306,-26.0451,1,-22.5988
2.306,2.307,-26.0677,1,-22.6086
2.307,2.308,-26.0903,1,-22.6184
2.308,2.309,-26.1129,1,-22.6282
2.309,2.31,-26.1356,1,-22.638
2.31,2.311,-26.1582,1,-22.6478
2.311,2.312,-26.1809,1,-22.6576
2.312,2.313,-26.2035,1,-22.6674
2.313,2.314,-26.2262,1,-22.6772
2.314,2.315,-26.2489,1,-22.687
2.315,2.316,-26.2715,1,-22.6968
2.316,2.317,-26.2942,1,-22.7066
2.317,2.318,-26.3169,1,-22.7164
2.318,2.319,-26.3397,1,-22.7262
2.319,2.32,-26.3624,1,-22.736
2.32,2.321,-26.3851,1,-22.7458
2.321,2.322,-26.4079,1,-22.7556
2.322,2.323,-26.4306,1,-22.7654
2.323,2.324,-26.4534,1,-22.7752
2.324,2.325,-26.4762,1,-22.785
2.325,2.326,-26.499,1,-22.7948
2.326,2.327,-26.5217,1,-22.8046
2.327,2.328,-26.5446,1,-22.8144
2.328,2.329,-26.5674,1,-22.8242
2.329,2.33,-26.5902,1,-22.834
2.33,2.331,-26.613,1,-22.8438
2.331,2.332,-26.6359,1,-22.8536
2.332,2.333,-26.6587,1,-22.8634
2.333,2.334,-26.6816,1,-22.8732
2.334,2.335,-26.7045,1,-22.883
2.335,2.336,-26.7273,1,-22.8928
2.336,2.337,-26.7502,1,-22.9026
2.337,2.338,-26.7731,1,-22.9124
2.338,2.339,-26.7961,1,-22.9222
2.339,2.34,-26.819,1,-22.932
2.34,2.341,-26.8419,1,-22.9418
2.341,2.342,-26.8648,1,-22.9516
2.342,2.343,-26.8878,1,-22.9614
2.343,2.344,-26.9108,1,-22.9712
2.344,2.345,-26.9337,1,-22.981
2.345,2.346,-26.9567,1,-22.9908
2.346,2.347,-26.9797,1,-23.0006
2.347,2.348,-27.0027,1,-23.0104
2.348,2.349,-27.0257,1,-23.0202
2.349,2.35,-27.0487,1,-23.03
2.35,2.351,-27.0718,1,-23.0398
2.351,2.352,-27.0948,1,-23.0496
2.352,2.353,-27.1179,1,-23.0594
2.353,2.354,-27.1409,1,-23.0692
2.354,2.355,-27.164,1,-23.079
2.355,2.356,-27.1871,1,-23.0888
2.356,2.357,-27.2102,1,-23.0986
2.357,2.358,-27.2332,1,-23.1084
2.358,2.359,-27.2564,1,-23.1182
2.359,2.36,-27.2795,1,-23.128
2.36,2.361,-27.3026,1,-23.1378
2.361,2.362,-27.3257,1,-23.1476
2.362,2.363,-27.3489,1,-23.1574
2.363,2.364,-27.372,1,-23.1672
2.364,2.365,-27.3952,1,-23.177
2.365,2.366,-27.4184,1,-23.1868
2.366,2.367,-27.4416,1,-23.1966
2.367,2.368,-27.4648,1,-23.2064
2.368,2.369,-27.488,1,-23.2162
2.369,2.37,-27.5112,1,-23.226
2.37,2.371,-27.5344,1,-23.2358
2.371,2.372,-27.5577,1,-23.2456
2.372,2.373,-27.5809,1,-23.2554
2.373,2.374,-27.6042,1,-23.2652
2.374,2.375,-27.6274,1,-23.275
2.375,2.376,-27.6507,1,-23.2848
2.376,2.377,-27.674,1,-23.2946
2.377,2.378,-27.6973,1,-23.3044
2.378,2.379,-27.7206,1,-23.3142
2.379,2.38,-27.7439,1,-23.324
2.38,2.381,-27.7672,1,-23.3338
2.381,2.382,-27.7906,1,-23.3436
2.382,2.383,-27.8139,1,-23.3534
2.383,2.384,-27.8373,1,-23.3632
2.384,2.385,-27.8606,1,-23.373
2.385,2.386,-27.884,1,-23.3828
2.386,2.387,-27.9074,1,-23.3926
2.387,2.388,-27.9308,1,-23.4024
2.388,2.389,-27.9542,1,-23.4122
2.389,2.39,-27.9776,1,-23.422
2.39,2.391,-28.001,1,-23.4318
2.391,2.392,-28.0244,1,-23.4416
2.392,2.393,-28.0479,1,-23.4514
2.393,2.394,-28.0713,1,-23.4612
2.394,2.395,-28.0948,1,-23.471
2.395,2.396,-28.1183,1,-23.4808
2.396,2.397,-28.1417,1,-23.4906
2.397,2.398,-28.1652,1,-23.5004
2.398,2.399,-28.1887,1,-23.5102
2.399,2.4,-28.2122,1,-23.52
2.4,2.401,-28.2358,1,-23.5298
2.401,2.402,-28.2593,1,-23.5396
2.402,2.403,-28.2828,1,-23.5494
2.403,2.404,-28.3064,1,-23.5592
2.404,2.405,-28.3299,1,-23.569
2.405,2.406,-28.3535,1,-23.5788
2.406,2.407,-28.3771,1,-23.5886
2.407,2.408,-28.4007,1,-23.5984
2.408,2.409,-28.4243,1,-23.6082
2.409,2.41,-28.4479,1,-23.618
2.41,2.411,-28.4715,1,-23.6278
2.411,2.412,-28.4951,1,-23.6376
2.412,2.413,-28.5188,1,-23.6474
2.413,2.414,-28.5424,1,-23.6572
2.414,2.415,-28.5661,1,-23.667
2.415,2.416,-28.5897,1,-23.6768
2.416,2.417,-28.6134,1,-23.6866
2.417,2.418,-28.6371,1,-23.6964
2.418,2.419,-28.6608,1,-23.7062
2.419,2.42,-28.6845,1,-23.716
2.42,2.421,-28.7082,1,-23.7258
2.421,2.422,-28.7319,1,-23.7356
2.422,2.423,-28.7557,1,-23.7454
2.423,2.424,-28.7794,1,-23.7552
2.424,2.425,-28.8032,1,-23.765
2.425,2.426,-28.8269,1,-23.7748
2.426,2.427,-28.8507,1,-23.7846
2.427,2.428,-28.8745,1,-23.7944
2.428,2.429,-28.8983,1,-23.8042
2.429,2.43,-28.9221,1,-23.814
2.43,2.431,-28.9459,1,-23.8238
2.431,2.432,-28.9697,1,-23.8336
2.432,2.433,-28.9936,1,-23.8434
2.433,2.434,-29.0174,1,-23.8532
2.434,2.435,-29.0413,1,-23.863
2.435,2.436,-29.0651,1,-23.8728
2.436,2.437,-29.089,1,-23.8826
2.437,2.438,-29.1129,1,-23.8924
2.438,2.439,-29.1368,1,-23.9022
2.439,2.44,-29.1607,1,-23.912
2.44,2.441,-29.1846,1,-23.9218
2.441,2.442,-29.2085,1,-23.9316
2.442,2.443,-29.2324,1,-23.9414
2.443,2.444,-29.2564,1,-23.9512
2.444,2.445,-29.2803,1,-23.961
2.445,2.446,-29.3043,1,-23.9708
2.446,2.447,-29.3283,1,-23.9806
2.447,2.448,-29.3523,1,-23.9904
2.448,2.449,-29.3762,1,-24.0002
2.449,2.45,-29.4002,1,-24.01
2.45,2.451,-29.4243,1,-24.0198
2.451,2.452,-29.4483,1,-24.0296
2.452,2.453,-29.4723,1,-24.0394
2.453,2.454,-29.4963,1,-24.0492
2.454,2.455,-29.5204,1,-24.059
2.455,2.456,-29.5445,1,-24.0688
2.456,2.457,-29.5685,1,-24.0786
2.457,2.458,-29.5926,1,-24.0884
2.458,2.459,-29.6167,1,-24.0982
2.459,2.46,-29.6408,1,-24.108
2.46,2.461,-29.6649,1,-24.1178
2.461,2.462,-29.689,1,-24.1276
2.462,2.463,-29.7131,1,-24.1374
2.463,2.464,-29.7373,1,-24.1472
2.464,2.465,-29.7614,1,-24.157
2.465,2.466,-29.7856,1,-24.1668
2.466,2.467,-29.8097,1,-24.1766
2.467,2.468,-29.8339,1,-24.1864
2.468,2.469,-29.8581,1,-24.1962
2.469,2.47,-29.8823,1,-24.206
2.47,2.471,-29.9065,1,-24.2158
2.471,2.472,-29.9307,1,-24.2256
2.472,2.473,-29.955,1,-24.2354
2.473,2.474,-29.9792,1,-24.2452
2.474,2.475,-30.0034,1,-24.255
2.475,2.476,-30.0277,1,-24.2648
2.476,2.477,-30.052,1,-24.2746
2.477,2.478,-30.0762,1,-24.2844
2.478,2.479,-30.1005,1,-24.2942
2.479,2.48,-30.1248,1,-24.304
2.48,2.481,-30.1491,1,-24.3138
2.481,2.482,-30.1734,1,-24.3236
2.482,2.483,-30.1977,1,-24.3334
2.483,2.484,-30.2221,1,-24.3432
2.484,2.485,-30.2464,1,-24.353
2.485,2.486,-30.2708,1,-24.3628
2.486,2.487,-30.2951,1,-24.3726
2.487,2.488,-30.3195,1,-24.3824
2.488,2.489,-30.3439,1,-24.3922
2.489,2.49,-30.3683,1,-24.402
2.49,2.491,-30.3927,1,-24.4118
2.491,2.492,-30.4171,1,-24.4216
2.492,2.493,-30.4415,1,-24.4314
2.493,2.494,-30.466,1,-24.4412
2.494,2.495,-30.4904,1,-24.451
2.495,2.496,-30.5148,1,-24.4608
2.496,2.497,-30.5393,1,-24.4706
2.497,2.498,-30.5638,1,-24.4804
2.498,2.499,-30.5883,1,-24.4902
2.499,2.5,-30.6127,1,-24.5
2.5,2.501,-30.6372,1,-24.5098
2.501,2.502,-30.6618,1,-24.5196
2.502,2.503,-30.6863,1,-24.5294
2.503,2.504,-30.7108,1,-24.5392
2.504,2.505,-30.7353,1,-24.549
2.505,2.506,-30.7599,1,-24.5588
2.506,2.507,-30.7845,1,-24.5686
2.507,2.508,-30.809,1,-24.5784
2.508,2.509,-30.8336,1,-24.5882
2.509,2.51,-30.8582,1,-24.598
2.51,2.511,-30.8828,1,-24.6078
2.511,2.512,-30.9074,1,-24.6176
2.512,2.513,-30.932,1,-24.6274
2.513,2.514,-30.9566,1,-24.6372
2.514,2.515,-30.9813,1,-24.647
2.515,2.516,-31.0059,1,-24.6568
2.516,2.517,-31.0306,1,-24.6666
2.517,2.518,-31.0552,1,-24.6764
2.518,2.519,-31.0799,1,-24.6862
2.519,2.52,-31.1046,1,-24.696
2.52,2.521,-31.1293,1,-24.7058
2.521,2.522,-31.154,1,-24.7156
2.522,2.523,-31.1787,1,-24.7254
2.523,2.524,-31.2035,1,-24.7352
2.524,2.525,-31.2282,1,-24.745
2.525,2.526,-31.2529,1,-24.7548
2.526,2.527,-31.2777,1,-24.7646
2.527,2.528,-31.3025,1,-24.7744
2.528,2.529,-31.3272,1,-24.7842
2.529,2.53,-31.352,1,-24.794
2.53,2.531,-31.3768,1,-24.8038
2.531,2.532,-31.4016,1,-24.8136
2.532,2.533,-31.4264,1,-24.8234
2.533,2.534,-31.4512,1,-24.8332
2.534,2.535,-31.4761,1,-24.843
2.535,2.536,-31.5009,1,-24.8528
2.536,2.537,-31.5258,1,-24.8626
2.537,2.538,-31.5506,1,-24.8724
2.538,2.539,-31.5755,1,-24.8822
2.539,2.54,-31.6004,1,-24.892
2.54,2.541,-31.6253,1,-24.9018
2.541,2.542,-31.6502,1,-24.9116
2.542,2.543,-31.6751,1,-24.9214
2.543,2.544,-31.7,1,-24.9312
2.544,2.545,-31.725,1,-24.941
2.545,2.546,-31.7499,1,-24.9508
2.546,2.547,-31.7748,1,-24.9606
2.547,2.548,-31.7998,1,-24.9704
2.548,2.549,-31.8248,1,-24.9802
2.549,2.55,-31.8498,1,-24.99
2.55,2.551,-31.8747,1,-24.9998
2.551,2.552,-31.8997,1,-25.0096
2.552,2.553,-31.9248,1,-25.0194
2.553,2.554,-31.9498,1,-25.0292
2.554,2.555,-31.9748,1,-25.039
2.555,2.556,-31.9998,1,-25.0488
2.556,2.557,-32.0249,1,-25.0586
2.557,2.558,-32.0499,1,-25.0684
2.558,2.559,-32.075,1,-25.0782
2.559,2.56,-32.1001,1,-25.088
2.56,2.561,-32.1252,1,-25.0978
2.561,2.562,-32.1503,1,-25.1076
2.562,2.563,-32.1754,1,-25.1174
2.563,2.564,-32.2005,1,-25.1272
2.564,2.565,-32.2256,1,-25.137
2.565,2.566,-32.2508,1,-25.1468
2.566,2.567,-32.2759,1,-25.1566
2.567,2.568,-32.3011,1,-25.1664
2.568,2.569,-32.3262,1,-25.1762
2.569,2.57,-32.3514,1,-25.186
2.57,2.571,-32.3766,1,-25.1958
2.571,2.572,-32.4018,1,-25.2056
2.572,2.573,-32.427,1,-25.2154
2.573,2.574,-32.4522,1,-25.2252
2.574,2.575,-32.4774,1,-25.235
2.575,2.576,-32.5027,1,-25.2448
2.576,2.577,-32.5279,1,-25.2546
2.577,2.578,-32.5532,1,-25.2644
2.578,2.579,-32.5784,1,-25.2742
2.579,2.58,-32.6037,1,-25.284
2.58,2.581,-32.629,1,-25.2938
2.581,2.582,-32.6543,1,-25.3036
2.582,2.583,-32.6796,1,-25.3134
2.583,2.584,-32.7049,1,-25.3232
2.584,2.585,-32.7302,1,-25.333
2.585,2.586,-32.7556,1,-25.3428
2.586,2.587,-32.7809,1,-25.3526
2.587,2.588,-32.8063,1,-25.3624
2.588,2.589,-32.8316,1,-25.3722
2.589,2.59,-32.857,1,-25.382
2.59,2.591,-32.8824,1,-25.3918
2.591,2.592,-32.9078,1,-25.4016
2.592,2.593,-32.9332,1,-25.4114
2.593,2.594,-32.9586,1,-25.4212
2.594,2.595,-32.984,1,-25.431
2.595,2.596,-33.0094,1,-25.4408
2.596,2.597,-33.0349,1,-25.4506
2.597,2.598,-33.0603,1,-25.4604
2.598,2.599,-33.0858,1,-25.4702
2.599,2.6,-33.1113,1,-25.48
2.6,2.601,-33.1367,1,-25.4898
2.601,2.602,-33.1622,1,-25.4996
2.602,2.603,-33.1877,1,-25.5094
2.603,2.604,-33.2132,1,-25.5192
2.604,2.605,-33.2388,1,-25.529
2.605,2.606,-33.2643,1,-25.5388
2.606,2.607,-33.2898,1,-25.5486
2.607,2.608,-33.3154,1,-25.5584
2.608,2.609,-33.3409,1,-25.5682
2.609,2.61,-33.3665,1,-25.578
2.61,2.611,-33.3921,1,-25.5878
2.611,2.612,-33.4177,1,-25.5976
2.612,2.613,-33.4433,1,-25.6074
2.613,2.614,-33.4689,1,-25.6172
2.614,2.615,-33.4945,1,-25.627
2.615,2.616,-33.5201,1,-25.6368
2.616,2.617,-33.5458,1,-25.6466
2.617,2.618,-33.5714,1,-25.6564
2.618,2.619,-33.5971,1,-25.6662
2.619,2.62,-33.6227,1,-25.676
2.62,2.621,-33.6484,1,-25.6858
2.621,2.622,-33.6741,1,-25.6956
2.622,2.623,-33.6998,1,-25.7054
2.623,2.624,-33.7255,1,-25.7152
2.624,2.625,-33.7512,1,-25.725
2.625,2.626,-33.7769,1,-25.7348
2.626,2.627,-33.8027,1,-25.7446
2.627,2.628,-33.8284,1,-25.7544
2.628,2.629,-33.8542,1,-25.7642
2.629,2.63,-33.8799,1,-25.774
2.63,2.631,-33.9057,1,-25.7838
2.631,2.632,-33.9315,1,-25.7936
2.632,2.633,-33.9573,1,-25.8034
2.633,2.634,-33.9831,1,-25.8132
2.634,2.635,-34.0089,1,-25.823
2.635,2.636,-34.0347,1,-25.8328
2.636,2.637,-34.0605,1,-25.8426
2.637,2.638,-34.0864,1,-25.8524
2.638,2.639,-34.1122,1,-25.8622
2.639,2.64,-34.1381,1,-25.872
2.64,2.641,-34.164,1,-25.8818
2.641,2.642,-34.1899,1,-25.8916
2.642,2.643,-34.2157,1,-25.9014
2.643,2.644,-34.2417,1,-25.9112
2.644,2.645,-34.2676,1,-25.921
2.645,2.646,-34.2935,1,-25.9308
2.646,2.647,-34.3194,1,-25.9406
2.647,2.648,-34.3454,1,-25.9504
2.648,2.649,-34.3713,1,-25.9602
2.649,2.65,-34.3973,1,-25.97
2.65,2.651,-34.4232,1,-25.9798
2.651,2.652,-34.4492,1,-25.9896
2.652,2.653,-34.4752,1,-25.9994
2.653,2.654,-34.5012,1,-26.0092
2.654,2.655,-34.5272,1,-26.019
2.655,2.656,-34.5532,1,-26.0288
2.656,2.657,-34.5793,1,-26.0386
2.657,2.658,-34.6053,1,-26.0484
2.658,2.659,-34.6313,1,-26.0582
2.659,2.66,-34.6574,1,-26.068
2.66,2.661,-34.6835,1,-26.0778
2.661,2.662,-34.7096,1,-26.0876
2.662,2.663,-34.7356,1,-26.0974
2.663,2.664,-34.7617,1,-26.1072
2.664,2.665,-34.7878,1,-26.117
2.665,2.666,-34.814,1,-26.1268
2.666,2.667,-34.8401,1,-26.1366
2.667,2.668,-34.8662,1,-26.1464
2.668,2.669,-34.8924,1,-26.1562
2.669,2.67,-34.9185,1,-26.166
2.67,2.671,-34.9447,1,-26.1758
2.671,2.672,-34.9709,1,-26.1856
2.672,2.673,-34.9971,1,-26.1954
2.673,2.674,-35.0232,1,-26.2052
2.674,2.675,-35.0495,1,-26.215
2.675,2.676,-35.0757,1,-26.2248
2.676,2.677,-35.1019,1,-26.2346
2.677,2.678,-35.1281,1,-26.2444
2.678,2.679,-35.1544,1,-26.2542
2.679,2.68,-35.1806,1,-26.264
2.68,2.681,-35.2069,1,-26.2738
2.681,2.682,-35.2332,1,-26.2836
2.682,2.683,-35.2594,1,-26.2934
2.683,2.684,-35.2857,1,-26.3032
2.684,2.685,-35.312,1,-26.313
2.685,2.686,-35.3384,1,-26.3228
2.686,2.687,-35.3647,1,-26.3326
2.687,2.688,-35.391,1,-26.3424
2.688,2.689,-35.4174,1,-26.3522
2.689,2.69,-35.4437,1,-26.362
2.69,2.691,-35.4701,1,-26.3718
2.691,2.692,-35.4964,1,-26.3816
2.692,2.693,-35.5228,1,-26.3914
2.693,2.694,-35.5492,1,-26.4012
2.694,2.695,-35.5756,1,-26.411
2.695,2.696,-35.602,1,-26.4208
2.696,2.697,-35.6284,1,-26.4306
2.697,2.698,-35.6549,1,-26.4404
2.698,2.699,-35.6813,1,-26.4502
2.699,2.7,-35.7078,1,-26.46
2.7,2.701,-35.7342,1,-26.4698
2.701,2.702,-35.7607,1,-26.4796
2.702,2.703,-35.7872,1,-26.4894
2.703,2.704,-35.8137,1,-26.4992
2.704,2.705,-35.8402,1,-26.509
2.705,2.706,-35.8667,1,-26.5188
2.706,2.707,-35.8932,1,-26.5286
2.707,2.708,-35.9197,1,-26.5384
2.708,2.709,-35.9463,1,-26.5482
2.709,2.71,-35.9728,1,-26.558
2.71,2.711,-35.9994,1,-26.5678
2.711,2.712,-36.0259,1,-26.5776
2.712,2.713,-36.0525,1,-26.5874
2.713,2.714,-36.0791,1,-26.5972
2.714,2.715,-36.1057,1,-26.607
2.715,2.716,-36.1323,1,-26.6168
2.716,2.717,-36.1589,1,-26.6266
2.717,2.718,-36.1855,1,-26.6364
2.718,2.719,-36.2122,1,-26.6462
2.719,2.72,-36.2388,1,-26.656
2.72,2.721,-36.2655,1,-26.6658
2.721,2.722,-36.2922,1,-26.6756
2.722,2.723,-36.3188,1,-26.6854
2.723,2.724,-36.3455,1,-26.6952
2.724,2.725,-36.3722,1,-26.705
2.725,2.726,-36.3989,1,-26.7148
2.726,2.727,-36.4256,1,-26.7246
2.727,2.728,-36.4524,1,-26.7344
2.728,2.729,-36.4791,1,-26.7442
2.729,2.73,-36.5058,1,-26.754
2.73,2.731,-36.5326,1,-26.7638
2.731,2.732,-36.5594,1,-26.7736
2.732,2.733,-36.5861,1,-26.7834
2.733,2.734,-36.6129,1,-26.7932
2.734,2.735,-36.6397,1,-26.803
2.735,2.736,-36.6665,1,-26.8128
2.736,2.737,-36.6933,1,-26.8226
2.737,2.738,-36.7201,1,-26.8324
2.738,2.739,-36.747,1,-26.8422
2.739,2.74,-36.7738,1,-26.852
2.74,2.741,-36.8007,1,-26.8618
2.741,2.742,-36.8275,1,-26.8716
2.742,2.743,-36.8544,1,-26.8814
2.743,2.744,-36.8813,1,-26.8912
2.744,2.745,-36.9082,1,-26.901
2.745,2.746,-36.9351,1,-26.9108
2.746,2.747,-36.962,1,-26.9206
2.747,2.748,-36.9889,1,-26.9304
2.748,2.749,-37.0158,1,-26.9402
2.749,2.75,-37.0428,1,-26.95
2.75,2.751,-37.0697,1,-26.9598
2.751,2.752,-37.0967,1,-26.9696
2.752,2.753,-37.1237,1,-26.9794
2.753,2.754,-37.1506,1,-26.9892
2.754,2.755,-37.1776,1,-26.999
2.755,2.756,-37.2046,1,-27.0088
2.756,2.757,-37.2316,1,-27.0186
2.757,2.758,-37.2586,1,-27.0284
2.758,2.759,-37.2857,1,-27.0382
2.759,2.76,-37.3127,1,-27.048
2.76,2.761,-37.3398,1,-27.0578
2.761,2.762,-37.3668,1,-27.0676
2.762,2.763,-37.3939,1,-27.0774
2.763,2.764,-37.421,1,-27.0872
2.764,2.765,-37.4481,1,-27.097
2.765,2.766,-37.4752,1,-27.1068
2.766,2.767,-37.5023,1,-27.1166
2.767,2.768,-37.5294,1,-27.1264
2.768,2.769,-37.5565,1,-27.1362
2.769,2.77,-37.5836,1,-27.146
2.77,2.771,-37.6108,1,-27.1558
2.771,2.772,-37.6379,1,-27.1656
2.772,2.773,-37.6651,1,-27.1754
2.773,2.774,-37.6923,1,-27.1852
2.774,2.775,-37.7195,1,-27.195
2.775,2.776,-37.7467,1,-27.2048
2.776,2.777,-37.7739,1,-27.2146
2.777,2.778,-37.8011,1,-27.2244
2.778,2.779,-37.8283,1,-27.2342
2.779,2.78,-37.8555,1,-27.244
2.78,2.781,-37.8828,1,-27.2538
2.781,2.782,-37.91,1,-27.2636
2.782,2.783,-37.9373,1,-27.2734
2.783,2.784,-37.9646,1,-27.2832
2.784,2.785,-37.9919,1,-27.293
2.785,2.786,-38.0191,1,-27.3028
2.786,2.787,-38.0465,1,-27.3126
2.787,2.788,-38.0738,1,-27.3224
2.788,2.789,-38.1011,1,-27.3322
2.789,2.79,-38.1284,1,-27.342
2.79,2.791,-38.1558,1,-27.3518
2.791,2.792,-38.1831,1,-27.3616
2.792,2.793,-38.2105,1,-27.3714
2.793,2.794,-38.2378,1,-27.3812
2.794,2.795,-38.2652,1,-27.391
2.795,2.796,-38.2926,1,-27.4008
2.796,2.797,-38.32,1,-27.4106
2.797,2.798,-38.3474,1,-27.4204
2.798,2.799,-38.3748,1,-27.4302
2.799,2.8,-38.4023,1,-27.44
2.8,2.801,-38.4297,1,-27.4498
2.801,2.802,-38.4572,1,-27.4596
2.802,2.803,-38.4846,1,-27.4694
2.803,2.804,-38.5121,1,-27.4792
2.804,2.805,-38.5396,1,-27.489
2.805,2.806,-38.5671,1,-27.4988
2.806,2.807,-38.5946,1,-27.5086
2.807,2.808,-38.6221,1,-27.5184
2.808,2.809,-38.6496,1,-27.5282
2.809,2.81,-38.6771,1,-27.538
2.81,2.811,-38.7047,1,-27.5478
2.811,2.812,-38.7322,1,-27.5576
2.812,2.813,-38.7598,1,-27.5674
2.813,2.814,-38.7873,1,-27.5772
2.814,2.815,-38.8149,1,-27.587
2.815,2.816,-38.8425,1,-27.5968
2.816,2.817,-38.8701,1,-27.6066
2.817,2.818,-38.8977,1,-27.6164
2.818,2.819,-38.9253,1,-27.6262
2.819,2.82,-38.9529,1,-27.636
2.82,2.821,-38.9806,1,-27.6458
2.821,2.822,-39.0082,1,-27.6556
2.822,2.823,-39.0359,1,-27.6654
2.823,2.824,-39.0635,1,-27.6752
2.824,2.825,-39.0912,1,-27.685
2.825,2.826,-39.1189,1,-27.6948
2.826,2.827,-39.1466,1,-27.7046
2.827,2.828,-39.1743,1,-27.7144
2.828,2.829,-39.202,1,-27.7242
2.829,2.83,-39.2297,1,-27.734
2.83,2.831,-39.2575,1,-27.7438
2.831,2.832,-39.2852,1,-27.7536
2.832,2.833,-39.313,1,-27.7634
2.833,2.834,-39.3407,1,-27.7732
2.834,2.835,-39.3685,1,-27.783
2.835,2.836,-39.3963,1,-27.7928
2.836,2.837,-39.4241,1,-27.8026
2.837,2.838,-39.4519,1,-27.8124
2.838,2.839,-39.4797,1,-27.8222
2.839,2.84,-39.5075,1,-27.832
2.84,2.841,-39.5354,1,-27.8418
2.841,2.842,-39.5632,1,-27.8516
2.842,2.843,-39.591,1,-27.8614
2.843,2.844,-39.6189,1,-27.8712
2.844,2.845,-39.6468,1,-27.881
2.845,2.846,-39.6747,1,-27.8908
2.846,2.847,-39.7026,1,-27.9006
2.847,2.848,-39.7305,1,-27.9104
2.848,2.849,-39.7584,1,-27.9202
2.849,2.85,-39.7863,1,-27.93
2.85,2.851,-39.8142,1,-27.9398
2.851,2.852,-39.8422,1,-27.9496
2.852,2.853,-39.8701,1,-27.9594
2.853,2.854,-39.8981,1,-27.9692
2.854,2.855,-39.926,1,-27.979
2.855,2.856,-39.954,1,-27.9888
2.856,2.857,-39.982,1,-27.9986
2.857,2.858,-40.01,1,-28.0084
2.858,2.859,-40.038,1,-28.0182
2.859,2.86,-40.066,1,-28.028
2.86,2.861,-40.0941,1,-28.0378
2.861,2.862,-40.1221,1,-28.0476
2.862,2.863,-40.1501,1,-28.0574
2.863,2.864,-40.1782,1,-28.0672
2.864,2.865,-40.2063,1,-28.077
2.865,2.866,-40.2343,1,-28.0868
2.866,2.867,-40.2624,1,-28.0966
2.867,2.868,-40.2905,1,-28.1064
2.868,2.869,-40.3186,1,-28.1162
2.869,2.87,-40.3467,1,-28.126
2.87,2.871,-40.3749,1,-28.1358
2.871,2.872,-40.403,1,-28.1456
2.872,2.873,-40.4312,1,-28.1554
2.873,2.874,-40.4593,1,-28.1652
2.874,2.875,-40.4875,1,-28.175
2.875,2.876,-40.5156,1,-28.1848
2.876,2.877,-40.5438,1,-28.1946
2.877,2.878,-40.572,1,-28.2044
2.878,2.879,-40.6002,1,-28.2142
2.879,2.88,-40.6284,1,-28.224
2.88,2.881,-40.6567,1,-28.2338
2.881,2.882,-40.6849,1,-28.2436
2.882,2.883,-40.7131,1,-28.2534
2.883,2.884,-40.7414,1,-28.2632
2.884,2.885,-40.7697,1,-28.273
2.885,2.886,-40.7979,1,-28.2828
2.886,2.887,-40.8262,1,-28.2926
2.887,2.888,-40.8545,1,-28.3024
2.888,2.889,-40.8828,1,-28.3122
2.889,2.89,-40.9111,1,-28.322
2.89,2.891,-40.9395,1,-28.3318
2.891,2.892,-40.9678,1,-28.3416
2.892,2.893,-40.9961,1,-28.3514
2.893,2.894,-41.0245,1,-28.3612
2.894,2.895,-41.0528,1,-28.371
2.895,2.896,-41.0812,1,-28.3808
2.896,2.897,-41.1096,1,-28.3906
2.897,2.898,-41.138,1,-28.4004
2.898,2.899,-41.1664,1,-28.4102
2.899,2.9,-41.1948,1,-28.42
2.9,2.901,-41.2232,1,-28.4298
2.901,2.902,-41.2516,1,-28.4396
2.902,2.903,-41.2801,1,-28.4494
2.903,2.904,-41.3085,1,-28.4592
2.904,2.905,-41.337,1,-28.469
2.905,2.906,-41.3655,1,-28.4788
2.906,2.907,-41.3939,1,-28.4886
2.907,2.908,-41.4224,1,-28.4984
2.908,2.909,-41.4509,1,-28.5082
2.909,2.91,-41.4794,1,-28.518
2.91,2.911,-41.5079,1,-28.5278
2.911,2.912,-41.5365,1,-28.5376
2.912,2.913,-41.565,1,-28.5474
2.913,2.914,-41.5936,1,-28.5572
2.914,2.915,-41.6221,1,-28.567
2.915,2.916,-41.6507,1,-28.5768
2.916,2.917,-41.6793,1,-28.5866
2.917,2.918,-41.7078,1,-28.5964
2.918,2.919,-41.7364,1,-28.6062
2.919,2.92,-41.7651,1,-28.616
2.92,2.921,-41.7937,1,-28.6258
2.921,2.922,-41.8223,1,-28.6356
2.922,2.923,-41.8509,1,-28.6454
2.923,2.924,-41.8796,1,-28.6552
2.924,2.925,-41.9082,1,-28.665
2.925,2.926,-41.9369,1,-28.6748
2.926,2.927,-41.9656,1,-28.6846
2.927,2.928,-41.9943,1,-28.6944
2.928,2.929,-42.0229,1,-28.7042
2.929,2.93,-42.0517,1,-28.714
2.93,2.931,-42.0804,1,-28.7238
2.931,2.932,-42.1091,1,-28.7336
2.932,2.933,-42.1378,1,-28.7434
2.933,2.934,-42.1666,1,-28.7532
2.934,2.935,-42.1953,1,-28.763
2.935,2.936,-42.2241,1,-28.7728
2.936,2.937,-42.2529,1,-28.7826
2.937,2.938,-42.2816,1,-28.7924
2.938,2.939,-42.3104,1,-28.8022
2.939,2.94,-42.3392,1,-28.812
2.94,2.941,-42.368,1,-28.8218
2.941,2.942,-42.3969,1,-28.8316
2.942,2.943,-42.4257,1,-28.8414
2.943,2.944,-42.4545,1,-28.8512
2.944,2.945,-42.4834,1,-28.861
2.945,2.946,-42.5123,1,-28.8708
2.946,2.947,-42.5411,1,-28.8806
2.947,2.948,-42.57,1,-28.8904
2.948,2.949,-42.5989,1,-28.9002
2.949,2.95,-42.6278,1,-28.91
2.95,2.951,-42.6567,1,-28.9198
2.951,2.952,-42.6856,1,-28.9296
2.952,2.953,-42.7146,1,-28.9394
2.953,2.954,-42.7435,1,-28.9492
2.954,2.955,-42.7724,1,-28.959
2.955,2.956,-42.8014,1,-28.9688
2.956,2.957,-42.8304,1,-28.9786
2.957,2.958,-42.8593,1,-28.9884
2.958,2.959,-42.8883,1,-28.9982
2.959,2.96,-42.9173,1,-29.008
2.96,2.961,-42.9463,1,-29.0178
2.961,2.962,-42.9754,1,-29.0276
2.962,2.963,-43.0044,1,-29.0374
2.963,2.964,-43.0334,1,-29.0472
2.964,2.965,-43.0625,1,-29.057
2.965,2.966,-43.0915,1,-29.0668
2.966,2.967,-43.1206,1,-29.0766
2.967,2.968,-43.1497,1,-29.0864
2.968,2.969,-43.1788,1,-29.0962
2.969,2.97,-43.2079,1,-29.106
2.97,2.971,-43.237,1,-29.1158
2.971,2.972,-43.2661,1,-29.1256
2.972,2.973,-43.2952,1,-29.1354
2.973,2.974,-43.3243,1,-29.1452
2.974,2.975,-43.3535,1,-29.155
2.975,2.976,-43.3826,1,-29.1648
2.976,2.977,-43.4118,1,-29.1746
2.977,2.978,-43.441,1,-29.1844
2.978,2.979,-43.4702,1,-29.1942
2.979,2.98,-43.4994,1,-29.204
2.98,2.981,-43.5286,1,-29.2138
2.981,2.982,-43.5578,1,-29.2236
2.982,2.983,-43.587,1,-29.2334
2.983,2.984,-43.6162,1,-29.2432
2.984,2.985,-43.6455,1,-29.253
2.985,2.986,-43.6747,1,-29.2628
2.986,2.987,-43.704,1,-29.2726
2.987,2.988,-43.7333,1,-29.2824
2.988,2.989,-43.7625,1,-29.2922
2.989,2.99,-43.7918,1,-29.302
2.99,2.991,-43.8211,1,-29.3118
2.991,2.992,-43.8505,1,-29.3216
2.992,2.993,-43.8798,1,-29.3314
2.993,2.994,-43.9091,1,-29.3412
2.994,2.995,-43.9384,1,-29.351
2.995,2.996,-43.9678,1,-29.3608
2.996,2.997,-43.9972,1,-29.3706
2.997,2.998,-44.0265,1,-29.3804
2.998,2.999,-44.0559,1,-29.3902
2.999,3,-44.0853,1,-29.4
3,3.001,-44.1147,1,-29.4098
